,KLRB1,ZC2HC1A,CD3E,GPR183,PTGS2
HC1_AAACATCGATCATTCCCGACACAC,0,0,0,0,0
HC1_AAACATCGCAACCACATGGCTTCA,0,0,0,1.793551776,0
HC1_AAACATCGCATCAAGTGGTGCGAA,0,0,0,2.064932975,1.270307797
HC1_AAACATCGGATGAATCAGGCTAAC,0,0,0,2.231822161,1.915421175
HC1_AACAACCAAGAGTCAAAACCGAGA,2.050367572,0,0,1.881889327,0
HC1_AACCGAGAGTCTGTCATCCGTCTA,0,0,0,2.013999256,0
HC1_AACGCTTAAAGGACACGAGTTAGC,0,0,0,1.945961585,0
HC1_AACGCTTAACATTGGCTCCGTCTA,0,0,0,2.510401506,0
HC1_AACGCTTAATGCCTAAAACGCTTA,0,0,0,1.944199567,0
HC1_AACGCTTACTGAGCCAAAGGTACA,0,0,0,0,0
HC1_AACGCTTAGGTGCGAAACGCTCGA,0,0,0,0,0
HC1_AACGCTTATGGTGGTATTCACGCA,0,0,0,2.446945289,0
HC1_AACGTGATATCATTCCCCTCCTGA,0,0,0,0,1.501610713
HC1_AACGTGATATCCTGTACCGAAGTA,0,0,0,2.032624647,0
HC1_AACGTGATTGGAACAATGGAACAA,0,0,0,2.342540916,0
HC1_AACGTGATTTCACGCAGGTGCGAA,0,1.377888302,0,1.377888302,0
HC1_AACTCACCAACGTGATCCGAAGTA,0,0,1.272296141,0,1.996514753
HC1_AACTCACCAGCACCTCATAGCGAC,0,0,0,2.016957485,1.702863897
HC1_AACTCACCCCGACAACAATGTTGC,0,0,0,2.028987582,0
HC1_AACTCACCCTGAGCCACCGAAGTA,0,0,0,2.501430331,0
HC1_AACTCACCGACAGTGCGATGAATC,0,0,0,2.130957019,1.270374942
HC1_AACTCACCGCCAAGACACAGATTC,0,0,1.903894332,2.347080174,0
HC1_AAGACGGACCTAATCCGCTAACGA,0,0,0,2.357863034,0
HC1_AAGACGGACGCATACAATTGGCTC,0,0,0,1.330505299,0
HC1_AAGACGGAGACTAGTACGAACTTA,0,0,0,1.721928389,0
HC1_AAGACGGAGTACGCAAACCACTGT,0,0,0,1.988261934,0
HC1_AAGACGGATCTTCACACGAACTTA,0,0,0,2.247828113,0
HC1_AAGGACACACAAGCTACAGCGTTA,0,1.560360933,1.224082078,1.742784237,0
HC1_AAGGTACAGCTAACGAAATCCGTC,0,0,0,0,0
HC1_AAGGTACAGTCTGTCATGGCTTCA,0,0,0,2.513864685,0
HC1_AATCCGTCAAGACGGACGACACAC,0,0,0,2.067455191,0
HC1_AATCCGTCAAGGACACCCTAATCC,0,0,0,1.463536407,0
HC1_AATCCGTCCAGATCTGCCTCTATC,0,0,0,2.343932595,1.429232714
HC1_AATCCGTCCCGAAGTAGCTAACGA,0,0,0,1.798093261,0
HC1_AATCCGTCTAGGATGACCTAATCC,0,0,0,0,0
HC1_AATCCGTCTCTTCACAAATGTTGC,0,0,0,2.4556072,1.864480139
HC1_AATGTTGCATCATTCCAAGGTACA,0,0,0,2.534282732,0
HC1_AATGTTGCGTCTGTCAGGAGAACA,0,0,0,2.149181211,0
HC1_ACAAGCTACACCTTACCCGTGAGA,0,0,0,1.826763933,0
HC1_ACACAGAAAACTCACCAACAACCA,0,0,0,2.178242546,1.97978257
HC1_ACACAGAAACACGACCAACGTGAT,0,0,0,1.769456101,0
HC1_ACACAGAAAGGCTAACTAGGATGA,0,0,0,2.07863296,0
HC1_ACACAGAACAACCACAGTGTTCTA,0,0,0,1.770204069,0
HC1_ACACAGAACCAGTTCATAGGATGA,0,0,0,1.984192959,0
HC1_ACACAGAACCTAATCCCTGTAGCC,0,0,0,2.065912388,0
HC1_ACACAGAACGGATTGCAAGGACAC,0,0,1.281934348,2.430208549,1.281934348
HC1_ACACGACCAAGGACACGAATCTGA,0,0,0,1.668584968,0
HC1_ACACGACCCTGGCATACAGATCTG,0,0,1.766417896,0,0
HC1_ACACGACCGAGTTAGCAAACATCG,0,0,0,2.47021248,0
HC1_ACACGACCGCTCGGTAAGTGGTCA,0,0,0,0,0
HC1_ACACGACCGCTCGGTATGAAGAGA,0,0,0,1.624110456,0
HC1_ACAGATTCACAGATTCAATGTTGC,0,0,0,1.373264629,0
HC1_ACAGCAGAACAGCAGAAACGTGAT,0,0,0,1.873506106,0
HC1_ACAGCAGACCTCCTGAAAGGTACA,0,0,0,1.729923341,0
HC1_ACATTGGCATTGGCTCAGCCATGC,0,0,0,2.14043923,1.345112267
HC1_ACATTGGCGTCTGTCACTGTAGCC,0,0,0,2.133231031,1.421435111
HC1_ACCACTGTCCTAATCCAACTCACC,0,0,0,2.476001516,0
HC1_ACCTCCAACAGATCTGACAAGCTA,0,0,0,1.654331689,0
HC1_ACCTCCAAGAACAGGCAATGTTGC,0,0,0,1.942594961,0
HC1_ACGCTCGACAACCACAAGATCGCA,0,0,0,1.637536217,0
HC1_ACTATGCAAAGACGGACGGATTGC,0,0,0,0,0
HC1_ACTATGCAATAGCGACGTGTTCTA,0,0,0,2.237920923,0
HC1_ACTATGCAATTGAGGAGTGTTCTA,0,0,0,0,0
HC1_ACTATGCACCTAATCCCCTAATCC,0,1.603221317,0,1.781137285,0
HC1_ACTATGCAGGAGAACAAGGCTAAC,0,0,0,2.344713876,0
HC1_AGAGTCAAACCTCCAAAGAGTCAA,0,0,0,1.845023017,0
HC1_AGAGTCAAAGTACAAGAGTCACTA,0,0,2.167097767,2.167097767,0
HC1_AGAGTCAAATGCCTAAGACAGTGC,0,0,0,2.231789825,0
HC1_AGATCGCAAAGACGGACAGCGTTA,0,1.942427709,0,1.942427709,0
HC1_AGATCGCAAAGGACACATTGAGGA,1.683180579,0,0,2.412379809,0
HC1_AGATCGCAACACAGAAGCTAACGA,0,0,0,1.398646536,0
HC1_AGATGTACACAGCAGACCTCCTGA,0,0,0,2.518588617,0
HC1_AGATGTACCAGATCTGGAGTTAGC,0,0,0,2.362784486,0
HC1_AGCACCTCTAGGATGAAATCCGTC,0,0,0,2.256172244,0
HC1_AGCACCTCTCCGTCTAACGTATCA,0,0,0,2.228370474,0
HC1_AGCAGGAAAGTCACTACGGATTGC,0,0,0,2.13880841,0
HC1_AGCAGGAACGACTGGAACAAGCTA,0,0,2.099329452,1.612393984,0
HC1_AGCCATGCACGCTCGACCATCCTC,0,0,0,2.239644081,0
HC1_AGCCATGCCCATCCTCAGATGTAC,0,0,1.581599409,2.155214582,0
HC1_AGGCTAACACACAGAAAGCACCTC,0,0,1.607532957,1.607532957,0
HC1_AGGCTAACCCGACAACCCAGTTCA,0,0,0,1.938996887,0
HC1_AGGCTAACCTAAGGTCGAGTTAGC,0,0,0,2.295638207,0
HC1_AGTACAAGACAGATTCAGATCGCA,0,0,0,2.093682079,1.941805787
HC1_AGTACAAGGTGTTCTACAGCGTTA,0,0,0,0,0
HC1_AGTGGTCAACTATGCAAGCACCTC,0,0,0,1.444128989,0
HC1_AGTGGTCATAGGATGAACGTATCA,0,1.427873588,0,0,0
HC1_ATAGCGACAAGACGGAAACCGAGA,0,0,0,2.357465673,0
HC1_ATAGCGACAGTACAAGTGAAGAGA,0,0,0,2.511865091,0
HC1_ATAGCGACGTCGTAGAAGAGTCAA,0,0,0,1.466719282,0
HC1_ATCATTCCAGCACCTCCTGGCATA,0,0,1.285627006,1.285627006,0
HC1_ATCATTCCTAGGATGACTGTAGCC,0,2.029727903,0,2.029727903,1.38628838
HC1_ATCCTGTAAAGGTACAGAGCTGAA,0,0,0,0,0
HC1_ATCCTGTAAGCAGGAAGAGCTGAA,0,0,1.407156609,2.465731413,1.407156609
HC1_ATCCTGTACAAGGAGCAGTCACTA,0,0,0,2.265185238,0
HC1_ATGCCTAACCATCCTCCAAGGAGC,0,0,0,0,0
HC1_ATGCCTAACCTCTATCGCTAACGA,0,0,0,2.209315859,0
HC1_ATGCCTAACTAAGGTCGGAGAACA,0,0,0,2.140595789,0
HC1_ATGCCTAAGACTAGTACTGAGCCA,0,0,2.370576643,0,0
HC1_ATGCCTAAGCTCGGTACATACCAA,0,0,0,1.742058307,0
HC1_ATGCCTAAGTACGCAAGCTAACGA,0,0,1.503529047,2.458451762,0
HC1_ATTGAGGAAATCCGTCAAGGACAC,0,0,0,2.345736658,1.474505201
HC1_ATTGAGGAAGTACAAGGGAGAACA,0,0,0,2.4027339,0
HC1_ATTGAGGACCATCCTCCGGATTGC,0,0,0,2.160241829,1.254506421
HC1_ATTGAGGACTCAATGACCAGTTCA,0,0,0,0,0
HC1_ATTGAGGATATCAGCAGCCACATA,0,0,0,2.210929077,0
HC1_ATTGGCTCAAGACGGACCGACAAC,0,0,0,2.393329079,0
HC1_ATTGGCTCAGATGTACAGATCGCA,0,0,0,2.620331319,1.398413862
HC1_ATTGGCTCAGCAGGAATGGAACAA,0,0,0,2.036343638,0
HC1_ATTGGCTCGTGTTCTAATCCTGTA,0,0,0,1.622159194,1.622159194
HC1_ATTGGCTCTTCACGCACTGTAGCC,0,1.308460964,0,1.645582426,0
HC1_CAACCACAAGTCACTAAACGCTTA,0,0,0,1.945180908,0
HC1_CAACCACAATCATTCCCACCTTAC,0,0,0,1.650377457,0
HC1_CAAGACTAAACAACCAGCTCGGTA,0,0,0,0,0
HC1_CAAGACTAATTGGCTCCGCTGATC,0,0,0,1.322466227,0
HC1_CAAGACTAGACAGTGCAGCCATGC,0,1.394815214,0,1.394815214,0
HC1_CAAGACTAGATAGACAAACGCTTA,0,0,0,2.11042178,0
HC1_CAAGGAGCAAGGACACAAGACGGA,0,0,0,2.249521131,0
HC1_CAAGGAGCAGATGTACACAAGCTA,0,0,0,0,0
HC1_CAAGGAGCAGTGGTCAAACGTGAT,0,0,0,2.156440115,0
HC1_CAAGGAGCATGCCTAAAAGACGGA,0,0,0,1.789648717,0
HC1_CAAGGAGCCGCTGATCAGCACCTC,0,0,0,0,0
HC1_CAAGGAGCGATGAATCCAACCACA,0,0,1.920196793,0,0
HC1_CAATGGAACAGATCTGCAGCGTTA,0,0,0,0,0
HC1_CAATGGAACTGTAGCCATGCCTAA,0,0,0,2.308547077,0
HC1_CACCTTACACCTCCAACAAGACTA,0,0,0,1.816192064,0
HC1_CACCTTACAGATGTACCATACCAA,0,0,0,0,0
HC1_CACCTTACAGCACCTCAGCCATGC,0,0,2.138060948,0,0
HC1_CACCTTACCCTCCTGAAGAGTCAA,0,0,0,2.340018308,0
HC1_CACTTCGAAACTCACCTCCGTCTA,0,0,0,0,1.312206663
HC1_CACTTCGAACTATGCAAAGACGGA,0,0,0,2.079435872,0
HC1_CACTTCGACCATCCTCTTCACGCA,0,0,0,2.236313705,0
HC1_CACTTCGACGGATTGCAGATGTAC,0,0,0,2.278832299,0
HC1_CAGATCTGAGATGTACAAGACGGA,0,0,0,0,0
HC1_CAGATCTGTTCACGCACGAACTTA,0,0,0,1.50134986,0
HC1_CAGCGTTAAATCCGTCCCTAATCC,1.950014828,0,0,0,0
HC1_CAGCGTTAGAGCTGAAGTGTTCTA,0,0,0,2.215289119,1.911118829
HC1_CATACCAAACCACTGTATAGCGAC,0,0,1.360471456,0,0
HC1_CATACCAAACCTCCAATATCAGCA,0,0,0,2.014028766,1.39021167
HC1_CATACCAATCCGTCTAAACTCACC,0,0,0,1.985636102,0
HC1_CATACCAATGGAACAACACTTCGA,0,0,0,2.234296779,0
HC1_CATCAAGTACCTCCAAACGCTCGA,0,1.579419745,0,2.091949986,0
HC1_CATCAAGTCAAGGAGCGACAGTGC,0,0,0,2.57206068,0
HC1_CCAGTTCAAGATCGCAGTCTGTCA,0,0,0,2.603587742,0
HC1_CCAGTTCAAGGCTAACAATGTTGC,0,0,0,2.289442056,0
HC1_CCAGTTCAATAGCGACTGGCTTCA,0,0,0,1.635947382,0
HC1_CCAGTTCACAAGACTACTAAGGTC,0,0,0,1.449247927,0
HC1_CCAGTTCACATACCAAATCATTCC,0,0,0,1.636453237,0
HC1_CCAGTTCACTGGCATAGACTAGTA,0,0,0,2.382266078,0
HC1_CCATCCTCAACCGAGAACACGACC,0,0,0,0,0
HC1_CCATCCTCAAGACGGACCTCCTGA,0,0,0,2.238039296,0
HC1_CCATCCTCAGCACCTCAGATGTAC,0,0,1.429023828,0,0
HC1_CCATCCTCGTGTTCTACGAACTTA,0,0,0,1.355636794,0
HC1_CCATCCTCTGGAACAAGCCACATA,0,0,0,0,0
HC1_CCGAAGTAAGCCATGCGACAGTGC,0,0,0,1.897957345,0
HC1_CCGACAACAAGGTACACCGTGAGA,0,0,0,1.874353344,0
HC1_CCGACAACCCTAATCCGAACAGGC,1.314915038,0,0,0,0
HC1_CCGTGAGAACCACTGTGATGAATC,0,0,0,1.371013407,0
HC1_CCGTGAGAAGATCGCAAGCCATGC,0,0,0,1.851753664,0
HC1_CCGTGAGAGACTAGTAATTGGCTC,0,0,1.438972589,1.438972589,0
HC1_CCGTGAGAGCCACATAATCATTCC,0,0,0,2.222446729,0
HC1_CCTAATCCCCATCCTCCCTCCTGA,0,1.278263521,0,1.924335264,0
HC1_CCTCCTGAAGTCACTACCGTGAGA,0,1.340726415,0,0,0
HC1_CCTCCTGAGAGCTGAATGAAGAGA,0,0,0,2.39551308,0
HC1_CCTCTATCTCTTCACATGGTGGTA,0,0,0,2.007886165,0
HC1_CGAACTTACACCTTACAGCAGGAA,0,0,0,2.086981475,0
HC1_CGAACTTACCATCCTCAACAACCA,0,0,0,2.097373005,0
HC1_CGAACTTAGGTGCGAACACTTCGA,0,0,0,0,0
HC1_CGAACTTATGAAGAGAACGTATCA,0,0,0,2.271479026,0
HC1_CGACACACAACGTGATCCATCCTC,0,0,0,2.272145707,0
HC1_CGACACACCAATGGAACGCATACA,0,0,0,2.045476244,0
HC1_CGACTGGAACCACTGTCGGATTGC,0,0,0,2.065219624,2.065219624
HC1_CGACTGGACAAGACTACAATGGAA,0,0,0,2.386661881,0
HC1_CGACTGGAGTCGTAGACTGGCATA,0,0,0,2.477854672,0
HC1_CGCATACAAACAACCAAACGTGAT,0,0,0,0,0
HC1_CGCATACAAGCACCTCCGAACTTA,1.546519489,0,1.546519489,1.876824247,0
HC1_CGCATACACTGGCATATGGCTTCA,0,0,0,2.125396084,0
HC1_CGCATACAGTACGCAAGACAGTGC,0,0,0,1.405350443,0
HC1_CGCTGATCACCTCCAAACTATGCA,0,0,0,2.170653609,1.27496078
HC1_CGCTGATCCCAGTTCAAAGGACAC,0,0,0,0,0
HC1_CGCTGATCTCCGTCTAATCCTGTA,0,0,1.575888045,0,0
HC1_CGGATTGCGAACAGGCATTGGCTC,0,0,0,2.051577348,0
HC1_CTAAGGTCAACTCACCAGCAGGAA,0,0,0,2.428050847,0
HC1_CTAAGGTCAGCCATGCGACTAGTA,0,0,0,0,0
HC1_CTAAGGTCCTGGCATACTCAATGA,0,0,0,2.328303894,0
HC1_CTAAGGTCGACTAGTAGATAGACA,0,0,1.989073412,0,0
HC1_CTAAGGTCGCTAACGAAGGCTAAC,0,0,0,2.223004947,0
HC1_CTCAATGAAACCGAGACCTAATCC,0,0,0,2.13610672,0
HC1_CTCAATGAGTCTGTCATGGTGGTA,0,0,0,2.034786198,0
HC1_CTGGCATAACACAGAAATGCCTAA,0,0,0,2.081760092,0
HC1_CTGGCATAACATTGGCACACAGAA,0,0,0,1.798514113,0
HC1_CTGGCATAACCACTGTCCGTGAGA,0,0,0,2.445975716,0
HC1_CTGGCATACAAGACTAAAGGTACA,0,0,0,2.411225621,1.784727703
HC1_CTGGCATAGACAGTGCAGTCACTA,0,0,0,1.78640733,0
HC1_CTGGCATATTCACGCACACCTTAC,0,0,0,1.455560325,1.775968874
HC1_CTGTAGCCAGGCTAACAAGAGATC,0,0,0,0,0
HC1_GAACAGGCACCTCCAAATCATTCC,0,0,0,1.969380792,0
HC1_GAACAGGCATCCTGTATTCACGCA,0,0,0,2.187033588,0
HC1_GAACAGGCCCATCCTCAACCGAGA,0,0,0,0,0
HC1_GAACAGGCCTCAATGACAAGGAGC,0,0,0,1.269779634,0
HC1_GAATCTGAAACCGAGAGTCGTAGA,0,0,0,0,0
HC1_GAATCTGACTGAGCCACCTCTATC,0,0,0,1.34216359,0
HC1_GAATCTGAGAGCTGAAATGCCTAA,0,0,0,1.948689268,0
HC1_GAATCTGATAGGATGACAGCGTTA,0,0,0,2.28381008,0
HC1_GACAGTGCATCATTCCAGTCACTA,0,0,1.280551191,2.056589803,0
HC1_GACAGTGCCCGTGAGATGGCTTCA,0,0,0,0,1.534507619
HC1_GACAGTGCGCGAGTAACCGACAAC,0,0,0,2.042746438,0
HC1_GACTAGTAAAGAGATCAAACATCG,0,0,1.512096502,1.512096502,0
HC1_GACTAGTAATCATTCCAAGGTACA,0,0,0,0,0
HC1_GACTAGTACCTCTATCTCTTCACA,0,0,0,1.931739618,0
HC1_GACTAGTAGAGCTGAAAGAGTCAA,0,0,0,1.751042385,0
HC1_GACTAGTAGCTCGGTAGTACGCAA,0,1.65553943,0,1.65553943,0
HC1_GAGCTGAAACAGATTCCATACCAA,0,0,0,0,0
HC1_GAGCTGAAAGATCGCACGAACTTA,0,0,0,2.04701763,0
HC1_GAGTTAGCCACCTTACCGACTGGA,0,0,0,1.716369119,0
HC1_GAGTTAGCCAGCGTTAGCTAACGA,0,0,1.439071179,1.937357698,0
HC1_GAGTTAGCCTGTAGCCTGGAACAA,1.303333175,0,0,1.936578931,0
HC1_GAGTTAGCGATGAATCCCAGTTCA,0,0,0,2.251321452,0
HC1_GATAGACAAGGCTAACGTCGTAGA,0,0,0,0,0
HC1_GATAGACAAGTACAAGAGCAGGAA,0,0,0,2.309691394,1.55798615
HC1_GATAGACACATCAAGTACTATGCA,0,0,0,2.523170574,0
HC1_GATAGACAGACAGTGCAAGGTACA,0,0,0,2.022371867,1.296140828
HC1_GATAGACAGCTAACGACCTCCTGA,0,0,0,1.418532415,0
HC1_GATAGACAGTGTTCTAGATAGACA,0,0,0,2.446995875,0
HC1_GATGAATCAGCACCTCAGTCACTA,0,0,0,0,0
HC1_GATGAATCGACTAGTAGCGAGTAA,0,0,0,1.653005816,1.309847891
HC1_GATGAATCGATGAATCGAGCTGAA,1.343633718,0,0,2.230235593,0
HC1_GATGAATCGCCAAGACGAATCTGA,0,0,0,1.654769826,0
HC1_GCCAAGACACATTGGCGAGCTGAA,0,0,0,2.378211387,0
HC1_GCCAAGACACCTCCAAGCCAAGAC,1.514418709,0,0,0,0
HC1_GCCAAGACCTCAATGACAACCACA,0,0,0,2.373951575,0
HC1_GCCACATACAGATCTGGAACAGGC,0,1.246501736,0,2.050791944,0
HC1_GCCACATACATACCAAAACCGAGA,0,0,1.649119577,2.327134241,0
HC1_GCGAGTAACAAGGAGCCGACTGGA,0,0,0,0,0
HC1_GCGAGTAACTCAATGACCAGTTCA,0,0,0,2.094954755,0
HC1_GCTAACGAACGTATCACGACACAC,0,0,0,2.03686414,0
HC1_GCTAACGAAGCAGGAAATCCTGTA,0,0,0,1.899758204,0
HC1_GCTCGGTAAACTCACCGTACGCAA,0,0,0,1.999779002,0
HC1_GCTCGGTAAAGGTACAATTGGCTC,0,0,0,2.067500382,0
HC1_GCTCGGTAAGGCTAACAGCCATGC,1.347156137,0,1.347156137,1.693158277,0
HC1_GCTCGGTACAGCGTTACAAGGAGC,0,0,0,2.108871607,0
HC1_GGAGAACACAAGGAGCCCGTGAGA,0,0,0,2.479035128,0
HC1_GGAGAACACATCAAGTGCTAACGA,0,0,0,2.448926628,1.55723556
HC1_GGTGCGAAATCCTGTAACACAGAA,0,0,0,1.914981287,1.737151162
HC1_GTACGCAAAAGACGGAGAACAGGC,0,0,0,2.096978708,0
HC1_GTACGCAAAGATGTACCACCTTAC,0,0,0,0,0
HC1_GTACGCAACACCTTACGATGAATC,0,0,0,2.039197845,1.731066525
HC1_GTACGCAACCAGTTCAACCTCCAA,0,0,0,1.630369935,0
HC1_GTACGCAACTCAATGACTGTAGCC,1.470530124,0,0,1.797945514,0
HC1_GTACGCAAGCTCGGTAAAGGACAC,1.363236079,0,0,2.254907543,0
HC1_GTACGCAATCTTCACAAGATCGCA,1.453864981,0,0,0,0
HC1_GTCGTAGAACTATGCATATCAGCA,0,0,0,1.581693319,0
HC1_GTCTGTCAAAACATCGCCAGTTCA,0,1.333461028,1.333461028,2.479260234,0
HC1_GTCTGTCAGACTAGTAACAGATTC,0,0,0,1.697698156,0
HC1_GTCTGTCAGACTAGTACAATGGAA,0,0,0,1.728898951,0
HC1_GTCTGTCATATCAGCAGTCTGTCA,0,0,0,1.978216253,2.275597713
HC1_GTGTTCTACAAGACTAAACAACCA,0,0,0,0,0
HC1_GTGTTCTAGATGAATCAGTGGTCA,0,0,0,1.779009622,1.779009622
HC1_GTGTTCTATATCAGCAAGATGTAC,0,0,0,1.642441165,0
HC1_TATCAGCAAACAACCAACTATGCA,0,0,1.886489244,2.270198008,0
HC1_TATCAGCACAACCACACATCAAGT,0,0,0,0,0
HC1_TATCAGCAGACAGTGCCTAAGGTC,0,1.385783878,0,2.161123732,0
HC1_TCCGTCTAACACGACCACGTATCA,0,0,0,1.852501213,0
HC1_TCCGTCTACGACTGGAGATAGACA,1.650835978,0,0,2.308994306,0
HC1_TCCGTCTAGCTCGGTAATGCCTAA,0,0,0,2.121058388,0
HC1_TCCGTCTATGGAACAACAATGGAA,0,0,0,1.831278589,0
HC1_TGAAGAGAACACGACCGCCAAGAC,0,0,0,0,0
HC1_TGAAGAGATGAAGAGAAGCAGGAA,0,0,0,1.433188925,0
HC1_TGGAACAACCGACAACCGAACTTA,0,0,0,0,0
HC1_TGGAACAATGAAGAGAACATTGGC,0,0,0,2.277409472,0
HC1_TGGCTTCACCGAAGTAGAGTTAGC,0,0,0,1.324790635,0
HC1_TGGCTTCACGAACTTAACGCTCGA,0,0,0,0,0
HC1_TGGTGGTACGGATTGCACGTATCA,0,0,0,0,0
HC1_TGGTGGTACTAAGGTCCGACACAC,0,1.338417663,0,2.217622078,0
HC1_TTCACGCAATTGAGGAGCCAAGAC,0,0,0,0,0
HC1_TTCACGCACCAGTTCAAGAGTCAA,0,0,0,0,0
HC2_AAACATCGAACTCACCACAAGCTA,0,0,0,2.404195136,0
HC2_AAACATCGGGTGCGAACATACCAA,0,0,0,2.09401164,1.377035148
HC2_AACAACCAAGTCACTACAGCGTTA,0,0,1.423709122,1.936489205,0
HC2_AACAACCACAATGGAACGACACAC,0,0,0,2.126764164,0
HC2_AACAACCACCAGTTCATGGTGGTA,0,0,0,2.077855184,0
HC2_AACCGAGAACAAGCTACTCAATGA,0,0,0,2.09696847,0
HC2_AACCGAGAACACAGAAGCCACATA,0,0,0,2.025444372,0
HC2_AACCGAGACAAGGAGCCATACCAA,0,0,0,2.245213067,0
HC2_AACCGAGACCTAATCCGTACGCAA,0,0,0,1.797917653,1.468190343
HC2_AACCGAGACCTCCTGAACACGACC,0,0,0,2.36559695,0
HC2_AACGCTTAAACAACCAAGCACCTC,0,0,1.366977594,1.995455598,1.700757545
HC2_AACGCTTAAATCCGTCAGCAGGAA,0,0,0,1.803965051,0
HC2_AACGCTTAGGAGAACAAACAACCA,0,0,0,1.514713985,0
HC2_AACGCTTATGGAACAAAAGAGATC,0,0,0,1.982475793,0
HC2_AACGCTTATGGCTTCAGTCGTAGA,0,0,0,0,0
HC2_AACGTGATTGGTGGTAGCTCGGTA,0,0,1.44639437,0,0
HC2_AACTCACCAGTCACTAATTGGCTC,0,0,0,0,0
HC2_AAGACGGAAGTACAAGGATAGACA,0,0,0,2.20026251,0
HC2_AAGACGGACGAACTTAGACAGTGC,0,1.650663623,0,2.645197379,0
HC2_AAGACGGAGAATCTGACGACACAC,0,0,0,2.146689588,1.347232992
HC2_AAGAGATCATGCCTAAAAGACGGA,0,0,0,1.75683571,0
HC2_AAGAGATCCCGTGAGAAAGGACAC,0,0,0,2.406598565,0
HC2_AAGAGATCCGACTGGAACACAGAA,0,0,0,0,0
HC2_AAGAGATCCGACTGGATCTTCACA,0,0,0,1.890490794,0
HC2_AAGAGATCGAGCTGAAACGTATCA,0,0,0,1.798247255,0
HC2_AAGGACACAACAACCACTGAGCCA,0,0,0,0,0
HC2_AAGGACACATGCCTAAAGATGTAC,0,0,1.344249239,2.321801284,0
HC2_AAGGACACCCTCTATCAAGGACAC,0,0,1.379921288,2.324412415,0
HC2_AAGGACACGACTAGTACAACCACA,0,0,0,2.056265265,0
HC2_AAGGTACACAAGACTAAACGTGAT,0,0,0,0,0
HC2_AAGGTACACGGATTGCCTGTAGCC,0,0,0,1.87842229,0
HC2_AATCCGTCACAGCAGACCGTGAGA,0,0,0,1.973690199,0
HC2_AATCCGTCCGCATACACATACCAA,0,0,0,0,0
HC2_AATCCGTCGTGTTCTAACAGCAGA,0,0,0,0,0
HC2_AATGTTGCAAGAGATCACACGACC,0,1.448024219,0,2.219270433,0
HC2_AATGTTGCAGCACCTCCGACTGGA,0,0,0,2.445630222,0
HC2_AATGTTGCATCCTGTAATAGCGAC,0,0,0,2.480362539,0
HC2_AATGTTGCCCGAAGTAAGCAGGAA,0,0,0,0,0
HC2_ACAAGCTAAACGTGATGAGCTGAA,1.364234671,0,0,2.328033333,1.364234671
HC2_ACAAGCTAACACAGAACCTCTATC,0,1.688792297,0,2.358577545,1.357102169
HC2_ACAAGCTACCATCCTCAGTCACTA,0,0,0,2.37968268,0
HC2_ACAAGCTAGACAGTGCAGTCACTA,0,0,0,0,0
HC2_ACACAGAAACCACTGTATTGGCTC,0,0,0,2.315292067,1.883281841
HC2_ACACAGAAATAGCGACAACCGAGA,0,0,0,0,0
HC2_ACACGACCAAGGTACAACATTGGC,0,0,0,2.311270263,0
HC2_ACACGACCAGATCGCAAGTGGTCA,0,0,0,1.784878767,0
HC2_ACACGACCCAAGACTAATTGAGGA,0,0,0,2.758883024,0
HC2_ACACGACCCCTCCTGAGATGAATC,0,0,0,2.059948598,0
HC2_ACACGACCTCCGTCTAAAGGTACA,0,0,0,1.347326646,0
HC2_ACACGACCTGGAACAACATCAAGT,0,0,1.410868666,1.919192162,0
HC2_ACACGACCTGGCTTCACGACACAC,2.06811773,0,0,1.478647309,0
HC2_ACAGATTCACACGACCATCATTCC,0,0,0,0,0
HC2_ACAGATTCGGAGAACAAAGGACAC,0,0,0,2.429828328,0
HC2_ACAGCAGAACAGATTCGGTGCGAA,0,1.558154315,0,1.558154315,0
HC2_ACAGCAGAATCATTCCAGCAGGAA,0,0,0,2.171117768,0
HC2_ACAGCAGAGCCACATACTGTAGCC,0,0,0,2.329793385,0
HC2_ACATTGGCACAGATTCCCTAATCC,0,0,0,2.436096649,0
HC2_ACATTGGCCAGCGTTAATGCCTAA,0,0,0,1.881290474,0
HC2_ACATTGGCCCATCCTCCCGTGAGA,0,0,0,1.98124846,0
HC2_ACATTGGCCCGAAGTACCTCTATC,0,0,0,2.083879341,0
HC2_ACATTGGCTGGAACAATCTTCACA,1.390278863,0,0,0,0
HC2_ACATTGGCTGGTGGTACTGAGCCA,0,0,1.488765257,0,0
HC2_ACCACTGTAACCGAGAGCCACATA,0,0,0,0,0
HC2_ACCACTGTCGACTGGAACACGACC,0,0,0,2.28291674,0
HC2_ACCTCCAAGGAGAACACAACCACA,0,0,0,1.332887982,1.332887982
HC2_ACCTCCAAGGAGAACACAGCGTTA,0,0,0,0,0
HC2_ACGCTCGAAACTCACCCGCTGATC,0,0,0,1.950546254,0
HC2_ACGCTCGAACACGACCGACTAGTA,0,0,0,2.043260866,0
HC2_ACGCTCGAATCATTCCGCCAAGAC,0,0,0,1.699338982,0
HC2_ACGCTCGACACTTCGATATCAGCA,0,0,0,2.321213927,0
HC2_ACGCTCGATGGAACAAACTATGCA,0,0,0,2.182054394,0
HC2_ACGTATCAGGTGCGAAATCCTGTA,0,0,2.113646751,0,0
HC2_ACTATGCAGCTAACGACTCAATGA,0,0,0,2.484169549,0
HC2_AGAGTCAACAAGGAGCTCCGTCTA,0,0,0,2.245179369,0
HC2_AGATCGCAAAGAGATCCTGAGCCA,0,0,0,1.91647314,0
HC2_AGATCGCAACTATGCAAGCCATGC,0,0,0,1.930468923,0
HC2_AGATGTACCCTAATCCCCGTGAGA,0,0,0,1.99083995,0
HC2_AGCACCTCAACCGAGAACTATGCA,0,0,0,1.686916817,0
HC2_AGCACCTCCCTCTATCCTCAATGA,0,0,0,2.226513786,0
HC2_AGCACCTCGAGTTAGCATCATTCC,0,0,0,1.808842359,0
HC2_AGCACCTCGATAGACAACCACTGT,0,0,0,2.297993756,0
HC2_AGCACCTCGGTGCGAAGTCTGTCA,0,0,0,1.570096349,0
HC2_AGCAGGAAAGATGTACTCCGTCTA,0,0,0,2.452179018,0
HC2_AGCAGGAATCTTCACAAGTGGTCA,0,1.358141721,0,2.15419178,0
HC2_AGCAGGAATGGAACAAAACAACCA,0,0,0,2.171683033,0
HC2_AGCCATGCACATTGGCACATTGGC,0,0,0,2.10317685,0
HC2_AGCCATGCATCATTCCAAGGACAC,0,0,0,1.554687508,0
HC2_AGCCATGCCATACCAAGAATCTGA,0,0,0,0,0
HC2_AGTACAAGACCACTGTGATAGACA,0,0,0,2.735256774,0
HC2_AGTACAAGGCCACATAGATAGACA,0,0,0,2.251921101,0
HC2_AGTACAAGGTACGCAACAGATCTG,0,0,0,1.884055346,0
HC2_AGTACAAGTATCAGCACGGATTGC,0,0,0,2.211231934,0
HC2_AGTACAAGTGGAACAAGAATCTGA,0,0,0,2.026253509,0
HC2_AGTACAAGTTCACGCAAATGTTGC,0,0,0,2.363161612,0
HC2_AGTCACTAAACCGAGAAATCCGTC,0,0,0,1.993678317,0
HC2_AGTCACTAAATGTTGCAACTCACC,0,0,0,2.543290196,0
HC2_AGTCACTACAAGACTACAAGACTA,0,0,0,2.344530977,0
HC2_AGTGGTCAACGTATCAAACAACCA,0,1.57601833,0,1.894568055,0
HC2_AGTGGTCAAGTGGTCATGAAGAGA,0,0,1.474797056,1.817749613,0
HC2_AGTGGTCAATTGAGGAATCATTCC,0,0,0,2.591002578,0
HC2_AGTGGTCACGCTGATCACAAGCTA,0,0,1.482601893,1.991095219,0
HC2_AGTGGTCACTGGCATACCTCCTGA,0,0,0,1.352012941,0
HC2_AGTGGTCAGACAGTGCATTGAGGA,0,0,0,1.773804818,0
HC2_AGTGGTCATATCAGCATGGCTTCA,0,0,0,2.271579649,1.337210304
HC2_ATAGCGACCCAGTTCACGGATTGC,0,0,0,1.775322807,0
HC2_ATAGCGACCCTCTATCAGATGTAC,0,0,0,1.985644916,0
HC2_ATAGCGACTCCGTCTAGCCACATA,0,0,0,0,0
HC2_ATCATTCCAGCCATGCGCTAACGA,0,0,0,2.103715192,0
HC2_ATCATTCCATGCCTAAAAACATCG,0,0,0,2.237900392,0
HC2_ATCATTCCTATCAGCAAAGGTACA,0,0,1.50594684,2.000237388,0
HC2_ATCCTGTAAACAACCAAAGAGATC,0,0,1.408456532,0,0
HC2_ATCCTGTAAATGTTGCAGAGTCAA,0,0,0,2.208016901,0
HC2_ATCCTGTACTGGCATACGACACAC,0,0,0,2.067470285,0
HC2_ATGCCTAATGGCTTCAAGCCATGC,0,0,1.680594015,1.680594015,0
HC2_ATTGAGGAACCACTGTCGGATTGC,0,0,0,2.148874941,0
HC2_ATTGAGGAATTGGCTCCAGCGTTA,0,0,0,1.847067352,0
HC2_ATTGAGGACCATCCTCCAGATCTG,0,0,0,0,0
HC2_ATTGAGGAGATAGACACAGATCTG,0,0,0,1.86572847,0
HC2_ATTGGCTCAACAACCAACGCTCGA,0,0,0,2.367636722,0
HC2_CAACCACAAATGTTGCAACGTGAT,0,0,0,1.730106954,0
HC2_CAACCACAACGTATCATAGGATGA,0,0,1.473427783,1.790698371,0
HC2_CAACCACACAACCACAGCTAACGA,0,0,0,0,0
HC2_CAACCACACCGTGAGAGATAGACA,0,0,0,1.54475174,0
HC2_CAACCACACTGAGCCACGCATACA,0,1.294829674,0,1.809740698,0
HC2_CAACCACAGAACAGGCCGCATACA,0,0,0,1.915926012,0
HC2_CAACCACAGATAGACAGAATCTGA,0,0,0,0,0
HC2_CAACCACAGTCTGTCAATCCTGTA,0,0,0,0,0
HC2_CAACCACATAGGATGAATTGAGGA,0,0,0,2.070300246,0
HC2_CAAGACTAAAGAGATCCTGGCATA,0,0,0,1.382768262,0
HC2_CAAGGAGCATTGAGGAGACAGTGC,0,0,0,2.489093477,0
HC2_CAAGGAGCGCCACATAGTGTTCTA,0,0,0,2.193207186,0
HC2_CAAGGAGCGTCGTAGAGGTGCGAA,0,1.575706995,0,1.575706995,0
HC2_CAATGGAAAATGTTGCCTGTAGCC,0,1.679161891,0,2.593333651,0
HC2_CAATGGAAAGAGTCAAACACGACC,0,0,0,2.320585366,1.6483557
HC2_CAATGGAAATCATTCCCTAAGGTC,0,0,0,2.079941833,0
HC2_CAATGGAACCGTGAGAAGCACCTC,0,0,0,2.431680823,0
HC2_CACCTTACACGTATCAGTGTTCTA,0,0,2.006681969,2.006681969,0
HC2_CACCTTACGATAGACATGGTGGTA,0,0,1.894559392,1.894559392,0
HC2_CACCTTACGCTCGGTAAATGTTGC,0,0,0,0,0
HC2_CACCTTACGTCTGTCACACTTCGA,0,0,0,2.40305505,0
HC2_CAGATCTGAACTCACCAAGGACAC,0,0,0,2.293543987,0
HC2_CAGATCTGGAGCTGAAGACAGTGC,0,0,0,0,2.04512877
HC2_CAGCGTTAGAGCTGAAGATAGACA,0,0,0,2.290448744,0
HC2_CAGCGTTAGAGTTAGCCCATCCTC,0,0,0,2.486692725,0
HC2_CAGCGTTAGGTGCGAAATCATTCC,0,0,0,0,0
HC2_CAGCGTTATTCACGCACCGTGAGA,0,0,1.641969563,2.552287426,0
HC2_CATACCAAAACTCACCTGGAACAA,0,0,0,0,0
HC2_CATACCAAACACGACCAGGCTAAC,0,0,0,1.855844126,0
HC2_CATACCAACACTTCGAGAGTTAGC,2.116864372,0,0,2.116864372,0
HC2_CATACCAAGAATCTGATATCAGCA,0,0,0,2.181322222,0
HC2_CATACCAAGGAGAACAGCTCGGTA,0,0,0,0,0
HC2_CATCAAGTAGATCGCACCGAAGTA,0,0,2.036534322,2.036534322,0
HC2_CATCAAGTCATCAAGTCGCATACA,0,0,0,2.126533926,1.837558835
HC2_CATCAAGTCGACTGGAAGGCTAAC,0,0,0,1.933811877,0
HC2_CATCAAGTGACTAGTACATCAAGT,0,0,0,2.139820954,0
HC2_CATCAAGTGCCACATAACCTCCAA,0,0,0,2.164758731,0
HC2_CATCAAGTTCCGTCTAATCCTGTA,0,0,0,1.996689015,0
HC2_CCAGTTCAAACAACCAAAGAGATC,0,0,0,0,0
HC2_CCAGTTCAAATCCGTCAACGCTTA,0,0,0,2.241311639,0
HC2_CCAGTTCAAATCCGTCCCAGTTCA,0,0,0,2.257855038,1.662860477
HC2_CCAGTTCAATTGGCTCAGCAGGAA,0,0,0,2.572998557,1.436298676
HC2_CCAGTTCACCGTGAGACGGATTGC,0,0,0,1.81941226,0
HC2_CCAGTTCACGAACTTAGTACGCAA,0,0,0,1.948715914,0
HC2_CCAGTTCAGCTAACGACTAAGGTC,0,0,1.4783697,1.807632121,0
HC2_CCAGTTCAGCTCGGTAAAGACGGA,0,0,0,0,0
HC2_CCATCCTCATCATTCCAGGCTAAC,0,0,0,2.37454544,0
HC2_CCATCCTCCTCAATGAATAGCGAC,0,0,0,0,0
HC2_CCATCCTCTGGTGGTACAAGGAGC,0,0,0,1.738381594,0
HC2_CCGAAGTACCGACAACGCTAACGA,0,0,0,2.591605156,0
HC2_CCGAAGTAGAGCTGAACGACTGGA,0,0,0,0,0
HC2_CCGACAACACACGACCACAGCAGA,0,1.692855811,0,1.692855811,0
HC2_CCGACAACCCGACAACGACTAGTA,0,0,0,2.588359435,0
HC2_CCGTGAGAAAGGTACACGGATTGC,0,0,0,0,0
HC2_CCGTGAGAACCACTGTCGACACAC,0,0,1.343969646,2.313854734,1.343969646
HC2_CCGTGAGACAAGGAGCAGGCTAAC,0,0,0,1.704190986,0
HC2_CCGTGAGAGAGTTAGCACAGATTC,0,1.400973267,0,0,0
HC2_CCGTGAGAGAGTTAGCCTGTAGCC,0,0,0,1.920917481,0
HC2_CCGTGAGATAGGATGAGATAGACA,0,1.49335337,0,1.817769921,0
HC2_CCTAATCCACCACTGTGCTAACGA,0,0,0,2.071000301,0
HC2_CCTAATCCAGCCATGCGGAGAACA,0,0,1.585790326,2.077253714,0
HC2_CCTAATCCCACCTTACCCATCCTC,0,0,0,1.401799394,0
HC2_CCTAATCCGATAGACAGTCGTAGA,0,0,0,2.230549804,0
HC2_CCTAATCCTGGCTTCAGAACAGGC,0,0,0,1.998988466,0
HC2_CCTCCTGACTCAATGACATCAAGT,0,0,0,2.458376961,0
HC2_CCTCCTGATAGGATGACTGGCATA,0,0,0,1.944647191,1.620657748
HC2_CCTCTATCGTGTTCTACCGACAAC,0,0,0,2.062796626,0
HC2_CCTCTATCTATCAGCAGTCTGTCA,0,0,0,1.91247279,0
HC2_CGAACTTAAACTCACCAGTACAAG,0,0,0,2.08479137,0
HC2_CGAACTTACACTTCGAACAAGCTA,0,0,1.435167922,2.346850023,0
HC2_CGAACTTAGGAGAACAAGATCGCA,0,0,0,1.949269265,0
HC2_CGAACTTATAGGATGACAGCGTTA,0,0,0,2.025964822,0
HC2_CGACACACAAACATCGGACAGTGC,0,0,0,1.655731094,0
HC2_CGACACACAAGGTACAAGATCGCA,0,0,0,2.383069677,0
HC2_CGACACACCCTCTATCCCAGTTCA,0,0,0,2.268079885,0
HC2_CGACTGGACCGTGAGATATCAGCA,0,0,1.623818621,2.227902835,0
HC2_CGACTGGATCTTCACACAACCACA,0,0,0,1.923906737,0
HC2_CGACTGGATGGTGGTACATCAAGT,0,0,0,2.000202432,0
HC2_CGCATACAGACAGTGCTCTTCACA,0,0,0,0,0
HC2_CGCTGATCAATCCGTCAAGAGATC,0,0,0,2.33889276,0
HC2_CGCTGATCCATCAAGTATCATTCC,0,0,1.680485094,2.403245956,0
HC2_CGCTGATCGAACAGGCGCGAGTAA,0,0,0,2.127760214,0
HC2_CGGATTGCCGACTGGAAGATCGCA,0,0,0,2.326868281,0
HC2_CGGATTGCGAGCTGAACGCATACA,0,1.366519139,0,0,0
HC2_CTAAGGTCAACGCTTATGAAGAGA,0,1.367458981,0,2.361702034,0
HC2_CTAAGGTCCATCAAGTACGTATCA,0,0,0,1.786843269,0
HC2_CTAAGGTCCCTCTATCTGGTGGTA,0,0,0,1.390695605,0
HC2_CTCAATGAAGAGTCAACCTCTATC,0,0,0,2.126178889,0
HC2_CTCAATGACAAGGAGCAACGCTTA,0,0,0,0,0
HC2_CTCAATGAGCTCGGTAACTATGCA,0,0,0,2.43996253,0
HC2_CTCAATGATGGTGGTATCCGTCTA,0,0,0,1.869086984,0
HC2_CTGAGCCAACACAGAAAGCAGGAA,0,0,1.418735171,1.74566045,0
HC2_CTGAGCCAGACAGTGCAACGCTTA,0,0,0,2.533091447,0
HC2_CTGAGCCAGAGCTGAACAATGGAA,0,0,0,0,0
HC2_CTGGCATAACAAGCTAAGGCTAAC,0,0,0,0,0
HC2_CTGGCATAAGGCTAACACAAGCTA,0,0,1.513353179,2.563153674,0
HC2_CTGGCATACAATGGAACAGCGTTA,0,0,0,0,0
HC2_CTGGCATACTAAGGTCGACTAGTA,0,0,0,2.484290092,0
HC2_CTGTAGCCATCCTGTAAAACATCG,0,0,0,0,0
HC2_CTGTAGCCCAATGGAAAAGACGGA,0,0,0,0,0
HC2_CTGTAGCCCAGATCTGTATCAGCA,0,0,0,1.863274019,0
HC2_CTGTAGCCCATACCAAACTATGCA,0,0,0,1.892201688,0
HC2_CTGTAGCCGTGTTCTAACACGACC,0,0,0,0,0
HC2_GAACAGGCACGTATCATGGCTTCA,0,0,0,0,0
HC2_GAACAGGCATGCCTAAGACAGTGC,0,0,0,2.35995266,0
HC2_GAACAGGCGTCGTAGACATCAAGT,0,0,0,2.778423187,0
HC2_GAACAGGCGTGTTCTAGCTCGGTA,0,0,0,2.383339003,0
HC2_GAATCTGAAAGACGGAGCCACATA,1.827007871,0,2.27489363,0,0
HC2_GAATCTGACAACCACAGTGTTCTA,0,0,0,2.462135387,0
HC2_GAATCTGAGATAGACAACAGCAGA,0,0,0,1.715350252,0
HC2_GAATCTGATATCAGCACGCATACA,0,0,0,2.459475164,0
HC2_GACAGTGCACAGCAGACATACCAA,0,0,0,2.255754054,0
HC2_GACAGTGCGGTGCGAAGTCTGTCA,0,0,0,1.956033012,0
HC2_GACAGTGCTGAAGAGATGAAGAGA,0,0,0,2.136477372,0
HC2_GACTAGTAAACCGAGACGAACTTA,0,0,1.67002469,0,0
HC2_GACTAGTATCCGTCTAGGAGAACA,0,0,0,2.724359739,1.672064366
HC2_GAGTTAGCATCATTCCTGAAGAGA,0,0,0,2.023722776,0
HC2_GAGTTAGCCAAGGAGCGTACGCAA,0,0,0,1.810077769,1.485812812
HC2_GAGTTAGCGTCTGTCACCTAATCC,0,0,0,1.895488609,0
HC2_GATAGACAAAGGACACATTGGCTC,0,0,0,1.387755335,0
HC2_GATAGACAAAGGTACAAAGAGATC,0,0,0,2.187139663,1.294752825
HC2_GATGAATCCCGTGAGACACCTTAC,0,0,0,2.086153542,0
HC2_GATGAATCGCCACATAAACAACCA,1.512112465,0,0,1.512112465,0
HC2_GCCAAGACGACAGTGCGTGTTCTA,1.505668017,0,0,1.833662305,0
HC2_GCCACATAATAGCGACGAGCTGAA,0,0,0,2.09447895,0
HC2_GCCACATACAAGGAGCCCTCTATC,0,0,0,2.185699758,0
HC2_GCCACATACTGAGCCACATACCAA,0,0,0,0,0
HC2_GCCACATAGAGCTGAAGTCTGTCA,1.85265689,0,0,0,0
HC2_GCCACATATGGTGGTAGAATCTGA,0,0,0,1.429161118,0
HC2_GCGAGTAAACGTATCACCGACAAC,0,0,0,2.303020562,0
HC2_GCGAGTAACCATCCTCTTCACGCA,0,0,0,1.915873798,0
HC2_GCGAGTAAGAGTTAGCATCCTGTA,0,0,0,0,0
HC2_GCTAACGAAAGACGGACAACCACA,0,1.532516367,0,2.637633438,0
HC2_GCTAACGAAGTGGTCATCTTCACA,0,0,0,1.944899823,0
HC2_GCTAACGACAGATCTGACCTCCAA,0,0,0,1.717340899,0
HC2_GCTAACGACAGATCTGATCATTCC,0,0,0,1.466650912,0
HC2_GCTAACGACCAGTTCAACAGCAGA,0,0,0,1.679778308,0
HC2_GCTAACGACCATCCTCACACAGAA,0,0,0,0,0
HC2_GCTAACGACTGAGCCAGCTCGGTA,1.45085506,1.45085506,0,1.45085506,0
HC2_GCTAACGAGCTAACGAAGATGTAC,0,0,0,0,0
HC2_GCTCGGTAAGTACAAGTGGAACAA,0,0,0,2.215103212,0
HC2_GCTCGGTACAGATCTGCCAGTTCA,0,0,1.438301866,2.312898625,0
HC2_GCTCGGTACTCAATGACACCTTAC,0,0,0,0,0
HC2_GGAGAACACATACCAAATTGAGGA,0,1.5312618,0,2.237382279,0
HC2_GGAGAACAGCCAAGACCACTTCGA,0,0,0,1.950439877,0
HC2_GGTGCGAAAGGCTAACGTACGCAA,0,0,0,1.557291483,1.557291483
HC2_GGTGCGAACTGGCATAATAGCGAC,0,0,0,2.449626274,0
HC2_GGTGCGAAGGAGAACAAATGTTGC,0,0,0,1.55599203,0
HC2_GTACGCAAAAGGTACAAGAGTCAA,0,0,0,0,0
HC2_GTACGCAAAGTCACTACAAGGAGC,0,0,0,1.357450569,0
HC2_GTACGCAAATGCCTAAGACAGTGC,0,0,0,2.333624889,0
HC2_GTACGCAACCTAATCCCACCTTAC,0,0,0,2.273664651,0
HC2_GTACGCAACCTCCTGAACGTATCA,0,0,0,2.061609463,0
HC2_GTACGCAACCTCTATCCAGCGTTA,0,0,0,1.679686861,0
HC2_GTACGCAACCTCTATCGTCTGTCA,0,1.774808427,0,1.774808427,0
HC2_GTCGTAGAACACAGAACGAACTTA,0,0,0,2.451786359,1.44732104
HC2_GTCGTAGACAGCGTTAAGATCGCA,0,0,0,2.386541977,0
HC2_GTCGTAGACATACCAACAGATCTG,0,0,0,2.633160851,1.38351365
HC2_GTCTGTCACAACCACAGACTAGTA,0,1.963357057,0,2.615299788,0
HC2_TAGGATGAAATCCGTCATGCCTAA,0,0,0,2.373366714,0
HC2_TAGGATGAACCACTGTTGAAGAGA,0,0,0,2.526216653,0
HC2_TAGGATGAACTATGCACAGCGTTA,0,0,0,2.152373567,0
HC2_TAGGATGAAGTGGTCAACAAGCTA,0,0,0,1.727858778,0
HC2_TAGGATGAGACTAGTAATTGAGGA,0,0,0,2.393368777,0
HC2_TATCAGCAATTGGCTCATCCTGTA,0,0,0,1.729238821,1.729238821
HC2_TATCAGCACGCATACAAACGCTTA,0,0,0,2.171193351,0
HC2_TATCAGCACGGATTGCCAATGGAA,0,0,0,2.247318105,0
HC2_TCCGTCTAAACGTGATGTACGCAA,0,0,0,2.233996498,0
HC2_TCCGTCTACAGATCTGACCTCCAA,0,0,0,0,0
HC2_TCCGTCTAGAGCTGAAGCTAACGA,0,0,0,0,0
HC2_TCTTCACACAATGGAAAACTCACC,0,0,0,2.015169434,0
HC2_TCTTCACAGCTCGGTACCTAATCC,0,0,0,0,0
HC2_TCTTCACATCCGTCTAATGCCTAA,0,0,0,1.846620288,0
HC2_TGAAGAGAAACAACCAGCTAACGA,0,0,0,0,0
HC2_TGAAGAGAGACAGTGCGCCACATA,0,0,0,2.494320097,0
HC2_TGAAGAGAGTACGCAACTCAATGA,0,0,1.496193424,1.496193424,0
HC2_TGAAGAGAGTCGTAGAACCACTGT,0,0,0,0,0
HC2_TGGAACAAAGTCACTAAGCCATGC,0,0,0,2.211199055,0
HC2_TGGAACAACTGGCATAAACAACCA,0,0,0,0,0
HC2_TGGAACAATGGCTTCATCCGTCTA,0,0,0,2.137995895,0
HC2_TGGTGGTACAATGGAAACATTGGC,0,0,0,0,0
HC2_TGGTGGTAGAGTTAGCAGGCTAAC,0,0,0,1.541065351,0
HC2_TTCACGCACAATGGAAAGAGTCAA,0,0,0,2.289420564,1.359861454
HC2_TTCACGCAGCGAGTAAGTGTTCTA,0,0,0,2.279428889,0
HC2_TTCACGCATCCGTCTAACGCTCGA,0,0,0,2.012755738,0
HC3_AAACATCGAACCGAGACCGTGAGA,0,0,0,1.496914229,0
HC3_AAACATCGAAGACGGAACTATGCA,0,0,0,2.291499154,0
HC3_AACAACCAACACAGAACACTTCGA,0,0,0,1.704010069,0
HC3_AACAACCAACAGCAGAGCTCGGTA,0,0,0,0,0
HC3_AACCGAGAATCATTCCCATCAAGT,0,0,0,1.987519635,0
HC3_AACGCTTAAACAACCACTGGCATA,0,0,0,0,0
HC3_AACGCTTACAAGACTAATAGCGAC,0,0,2.142107636,0,0
HC3_AACTCACCAGATCGCACATCAAGT,0,0,0,0,0
HC3_AAGACGGATGAAGAGACTGAGCCA,0,0,0,2.29148765,0
HC3_AAGAGATCTCCGTCTACCTAATCC,0,0,0,0,0
HC3_AAGAGATCTGGTGGTAACACGACC,0,0,1.489430135,1.971100352,0
HC3_AAGGACACACAGCAGACAGCGTTA,0,0,0,2.414487483,1.621373755
HC3_AAGGACACAGTGGTCACAAGACTA,0,0,0,0,0
HC3_AAGGACACGGAGAACAAGAGTCAA,0,0,0,2.379800708,0
HC3_AAGGTACACAATGGAACAACCACA,0,0,1.308814681,1.308814681,0
HC3_AATCCGTCCAACCACAGCGAGTAA,0,0,0,0,0
HC3_AATCCGTCGCCAAGACTCTTCACA,0,0,0,1.407462422,0
HC3_AATCCGTCGCGAGTAACTGTAGCC,0,0,0,1.335095623,0
HC3_AATGTTGCAGCAGGAAACCTCCAA,0,0,0,1.823885407,0
HC3_AATGTTGCCATACCAAGGTGCGAA,0,0,0,0,1.590058395
HC3_AATGTTGCCCAGTTCACATCAAGT,0,0,0,1.809462012,0
HC3_AATGTTGCCGAACTTACGCATACA,0,0,0,0,0
HC3_AATGTTGCGACAGTGCCGAACTTA,0,0,0,0,0
HC3_AATGTTGCGATAGACAGGTGCGAA,0,0,0,0,0
HC3_AATGTTGCGCCAAGACTGGAACAA,0,0,1.516942076,2.018178256,0
HC3_ACAAGCTACAATGGAACTGGCATA,0,0,0,2.549087818,0
HC3_ACACAGAACGGATTGCCTGGCATA,0,0,0,0,0
HC3_ACACGACCCCTAATCCACGTATCA,0,0,0,1.803630994,0
HC3_ACAGATTCCCGACAACGTGTTCTA,0,0,0,1.397218833,1.397218833
HC3_ACAGCAGAAATCCGTCAACTCACC,0,1.572244152,0,2.311505799,0
HC3_ACAGCAGACAAGACTACGACACAC,0,0,0,0,0
HC3_ACAGCAGAGGTGCGAACAAGACTA,1.900119166,0,0,2.352440124,0
HC3_ACATTGGCATGCCTAATATCAGCA,0,0,0,0,0
HC3_ACATTGGCCAACCACACAATGGAA,0,0,0,0,0
HC3_ACATTGGCCCGTGAGACATCAAGT,0,0,0,0,0
HC3_ACATTGGCCTGGCATAAGCAGGAA,0,0,0,1.943807382,0
HC3_ACCACTGTAGATCGCAAATGTTGC,0,0,1.502196484,1.829959733,0
HC3_ACCACTGTCAACCACAAAACATCG,0,0,0,1.466951048,0
HC3_ACCACTGTCCTCCTGATGGAACAA,0,0,0,2.597135928,0
HC3_ACCACTGTGCCAAGACACCACTGT,0,0,1.578225099,2.17622436,0
HC3_ACCTCCAAATAGCGACAAGGTACA,0,0,0,1.339011112,0
HC3_ACCTCCAAGATGAATCCAAGACTA,0,0,0,2.195709285,0
HC3_ACGTATCAAAGGTACAAGGCTAAC,0,0,0,0,0
HC3_ACGTATCACTCAATGAGAGTTAGC,0,0,0,1.936260026,0
HC3_ACTATGCAGCTAACGAATAGCGAC,0,0,0,1.866572007,0
HC3_ACTATGCAGTCTGTCAGAACAGGC,0,0,0,0,0
HC3_AGATCGCAACCACTGTCGCTGATC,0,0,0,1.419797843,0
HC3_AGATCGCAAGCAGGAACCATCCTC,0,0,1.691125245,0,0
HC3_AGATGTACGAACAGGCCAATGGAA,1.343863718,0,0,2.068032765,0
HC3_AGCACCTCAAACATCGACATTGGC,0,0,0,0,0
HC3_AGCACCTCTTCACGCACAATGGAA,0,0,0,2.196868078,0
HC3_AGCAGGAACTGGCATATAGGATGA,0,0,0,2.468698976,0
HC3_AGCCATGCAAACATCGAGGCTAAC,0,0,0,1.413869339,0
HC3_AGCCATGCAATCCGTCATCCTGTA,0,0,0,2.182784173,0
HC3_AGCCATGCATAGCGACCCGTGAGA,0,0,0,2.32384189,0
HC3_AGCCATGCCCATCCTCGGTGCGAA,0,0,0,0,0
HC3_AGCCATGCCGCTGATCAGATGTAC,0,1.362209657,0,2.061511013,0
HC3_AGTACAAGAACGTGATGAGTTAGC,0,0,1.431180386,1.943950389,0
HC3_AGTCACTAGTGTTCTACAGATCTG,0,0,0,0,0
HC3_AGTGGTCACAATGGAACAAGGAGC,0,0,0,1.957153268,0
HC3_AGTGGTCATCCGTCTACCAGTTCA,0,0,0,0,0
HC3_ATAGCGACACCACTGTTTCACGCA,0,0,1.607818899,1.607818899,0
HC3_ATAGCGACCGCATACAGAGTTAGC,0,0,0,1.977836531,0
HC3_ATCATTCCAAACATCGAACGCTTA,0,0,0,2.12154879,1.625196832
HC3_ATCATTCCACAAGCTAAGATGTAC,0,0,0,0,0
HC3_ATCATTCCAGGCTAACAATGTTGC,0,0,0,1.405884959,0
HC3_ATCATTCCCCTCTATCAGATGTAC,0,0,1.34988121,0,0
HC3_ATCATTCCGAATCTGAATTGGCTC,0,0,0,0,0
HC3_ATCATTCCGCTAACGAAAGAGATC,0,0,0,1.548876749,0
HC3_ATCCTGTAAACGCTTAGCTCGGTA,0,0,0,2.097784551,0
HC3_ATCCTGTATAGGATGAGAACAGGC,0,0,0,0,1.423120641
HC3_ATGCCTAAACTATGCACCTCCTGA,0,0,0,1.81333682,0
HC3_ATGCCTAACCTAATCCCTGAGCCA,0,0,0,1.938403465,0
HC3_ATTGAGGAAGCCATGCGACAGTGC,0,0,0,0,0
HC3_ATTGAGGAAGTACAAGCCATCCTC,0,0,0,1.768308329,0
HC3_ATTGAGGAATGCCTAACAACCACA,1.408559965,0,0,2.475975548,0
HC3_ATTGAGGACAGATCTGAGCAGGAA,0,0,0,2.064426365,0
HC3_ATTGGCTCAACAACCAACGTATCA,0,0,0,0,0
HC3_ATTGGCTCCATCAAGTAGCAGGAA,1.916852021,0,0,2.546363907,1.916852021
HC3_ATTGGCTCCCTCTATCGGTGCGAA,0,0,0,2.061314549,0
HC3_ATTGGCTCGACTAGTACGCTGATC,0,0,0,2.191213221,0
HC3_ATTGGCTCTCCGTCTATGGCTTCA,0,0,0,1.492023976,0
HC3_CAACCACACCATCCTCACGCTCGA,0,0,0,0,0
HC3_CAAGACTAACTATGCAGCCAAGAC,0,0,0,0,0
HC3_CAATGGAAAGATCGCAGACTAGTA,0,0,0,2.222126242,0
HC3_CAATGGAAATGCCTAACTGAGCCA,0,0,0,0,0
HC3_CAATGGAAGGAGAACAAGTGGTCA,0,0,0,2.1497918,0
HC3_CACTTCGAACACAGAAAACCGAGA,0,0,0,0,0
HC3_CAGATCTGCGGATTGCTGGCTTCA,0,0,1.731310016,2.201162256,0
HC3_CAGCGTTAACCACTGTACAGATTC,0,0,0,0,0
HC3_CAGCGTTACGAACTTAACAGCAGA,0,0,0,1.755608166,0
HC3_CAGCGTTAGTACGCAACCTCTATC,0,0,0,0,0
HC3_CATACCAAACAGCAGAAGTACAAG,0,0,0,2.492636033,0
HC3_CATACCAAACTATGCAGTCGTAGA,0,0,0,0,0
HC3_CATACCAAATTGAGGAGGAGAACA,0,0,0,0,0
HC3_CATCAAGTCCGACAACCAAGGAGC,0,0,0,0,0
HC3_CCAGTTCAAGATCGCACGGATTGC,0,0,0,2.055176674,0
HC3_CCAGTTCACACTTCGAAAGGACAC,0,0,0,2.017861143,0
HC3_CCATCCTCCGACACACCGACACAC,1.694596752,0,0,0,0
HC3_CCGAAGTAAAACATCGAGTACAAG,0,0,0,1.99304241,0
HC3_CCGAAGTACCATCCTCCAACCACA,0,0,0,1.636263674,0
HC3_CCGAAGTACGCATACATCTTCACA,0,0,0,1.643432181,0
HC3_CCGACAACGCTCGGTAGTACGCAA,0,0,0,0,0
HC3_CCGTGAGAATCCTGTACCAGTTCA,0,0,0,0,0
HC3_CCTAATCCCTGTAGCCTTCACGCA,0,0,0,2.203618825,1.831333041
HC3_CCTCCTGAAGAGTCAACAATGGAA,0,0,0,0,0
HC3_CCTCCTGAAGAGTCAAGTCGTAGA,0,0,0,1.877056361,0
HC3_CCTCTATCATAGCGACCACTTCGA,0,0,0,1.29927984,1.29927984
HC3_CCTCTATCCAAGGAGCGAGTTAGC,0,0,0,0,0
HC3_CGAACTTACGACACACAACCGAGA,0,0,0,0,0
HC3_CGACACACAGCACCTCAACAACCA,0,0,0,0,0
HC3_CGACACACAGTACAAGAACAACCA,0,0,0,0,0
HC3_CGACACACGGTGCGAATTCACGCA,0,0,0,1.778781497,0
HC3_CGACTGGAACCTCCAAGTGTTCTA,0,0,0,1.651955035,0
HC3_CGACTGGAACTATGCATCCGTCTA,0,0,0,0,0
HC3_CGACTGGAATTGGCTCATCATTCC,0,0,0,2.679914243,0
HC3_CGACTGGAATTGGCTCCTGAGCCA,0,0,0,2.484332838,0
HC3_CGCATACAAACTCACCAACGTGAT,0,0,0,2.11709707,0
HC3_CGCTGATCTTCACGCAGTCTGTCA,0,0,0,0,0
HC3_CGGATTGCAGAGTCAAAAGAGATC,0,0,0,1.621471935,0
HC3_CGGATTGCCAGATCTGCGAACTTA,0,0,0,0,0
HC3_CGGATTGCGTCGTAGATGGTGGTA,0,0,0,0,0
HC3_CTAAGGTCAACTCACCAAGGTACA,0,0,0,1.546429687,0
HC3_CTCAATGAACAGCAGAATCATTCC,0,0,0,1.724771028,0
HC3_CTCAATGAAGTCACTACCGAAGTA,0,0,0,0,0
HC3_CTCAATGAGATGAATCGTGTTCTA,0,0,0,0,0
HC3_CTGGCATAACACAGAAAGCCATGC,0,0,0,2.191265131,0
HC3_CTGGCATAAGTACAAGAAGGTACA,0,0,0,0,0
HC3_CTGGCATAAGTACAAGCCATCCTC,0,0,0,0,0
HC3_CTGGCATAAGTACAAGCCGACAAC,0,0,0,0,0
HC3_CTGGCATAAGTACAAGGCCAAGAC,0,0,0,2.881856833,0
HC3_CTGGCATACCGTGAGAGATGAATC,0,0,0,0,0
HC3_CTGGCATAGACTAGTAGTGTTCTA,0,0,0,0,0
HC3_CTGGCATAGTCGTAGAGATGAATC,0,0,1.766360286,0,0
HC3_CTGTAGCCCAACCACAAACGTGAT,0,0,0,2.329460859,1.574922413
HC3_CTGTAGCCCAAGACTATGGAACAA,0,0,0,0,0
HC3_GAACAGGCACACAGAAAACTCACC,1.833539671,0,2.108181111,0,0
HC3_GAACAGGCGATGAATCATCATTCC,0,0,0,0,0
HC3_GAATCTGAAGTGGTCACAACCACA,0,0,0,0,0
HC3_GACAGTGCAATCCGTCAGTACAAG,0,0,0,2.045223254,0
HC3_GACAGTGCAGTGGTCAAACGCTTA,0,0,0,0,1.730566192
HC3_GACAGTGCTCTTCACACTGGCATA,0,0,0,2.153424714,0
HC3_GACTAGTAAACAACCAGAGCTGAA,0,0,0,2.064575215,0
HC3_GAGCTGAAACCACTGTACCTCCAA,0,0,1.556550772,0,0
HC3_GAGCTGAACCTCCTGAAGTACAAG,0,0,0,2.127430695,0
HC3_GAGTTAGCATCCTGTACCGTGAGA,0,0,0,1.600740695,0
HC3_GAGTTAGCCCATCCTCAAACATCG,0,0,0,0,0
HC3_GAGTTAGCCCGAAGTAAAGACGGA,0,0,0,0,0
HC3_GAGTTAGCCGACACACCATCAAGT,0,0,1.643783996,1.643783996,0
HC3_GATAGACAAAACATCGCCATCCTC,0,0,0,0,0
HC3_GATGAATCAAACATCGAAGAGATC,0,0,0,1.975538685,0
HC3_GATGAATCAGTCACTACGAACTTA,0,0,0,0,0
HC3_GCCAAGACAGCAGGAAGGTGCGAA,0,0,0,0,0
HC3_GCCACATAAATCCGTCACATTGGC,0,0,0,0,0
HC3_GCGAGTAAAACCGAGATAGGATGA,0,0,0,1.686229336,0
HC3_GCGAGTAAAGTACAAGTGGAACAA,0,0,0,2.144473741,1.546896213
HC3_GCGAGTAAGACTAGTAACAGCAGA,0,0,0,0,0
HC3_GCTAACGAGATGAATCGTACGCAA,0,0,0,2.226448901,0
HC3_GCTCGGTAAACGTGATACAGATTC,0,0,1.365240887,1.988679218,0
HC3_GCTCGGTAATGCCTAAAACGTGAT,0,0,0,0,0
HC3_GCTCGGTATGGAACAATCCGTCTA,0,0,0,1.382983505,0
HC3_GGAGAACAGAATCTGAGACAGTGC,0,0,0,0,0
HC3_GGAGAACAGAGTTAGCAATCCGTC,0,0,0,2.196942165,0
HC3_GGTGCGAAAGTACAAGGGAGAACA,0,0,0,0,0
HC3_GGTGCGAACATACCAAGATAGACA,0,0,0,0,0
HC3_GGTGCGAACGCATACAGGAGAACA,0,0,0,0,0
HC3_GTACGCAACGACTGGAGACTAGTA,0,0,0,0,0
HC3_GTACGCAAGAATCTGACTCAATGA,0,0,0,0,0
HC3_GTACGCAAGTCGTAGAGAGTTAGC,1.742088356,0,0,1.742088356,0
HC3_GTCGTAGAACCACTGTAGTGGTCA,0,0,0,0,0
HC3_GTCGTAGACACCTTACTGGAACAA,0,0,0,2.317872569,0
HC3_GTCGTAGAGTCTGTCAAAGACGGA,0,0,0,1.677655284,0
HC3_GTCTGTCACCGACAACAGTCACTA,0,0,0,1.433772815,0
HC3_GTGTTCTAAACAACCACCGAAGTA,0,0,0,1.974743813,0
HC3_GTGTTCTAAACGTGATGCTAACGA,0,0,0,0,0
HC3_TATCAGCAAGAGTCAACAAGACTA,0,0,0,1.820875186,0
HC3_TCCGTCTAACGCTCGACGCATACA,0,0,0,1.689478713,0
HC3_TCCGTCTAACTATGCACTCAATGA,0,1.336307838,0,0,1.336307838
HC3_TCTTCACAACACGACCAAGGTACA,0,1.442434819,0,0,0
HC3_TCTTCACAGACAGTGCAGGCTAAC,1.678027785,0,0,1.983478944,0
HC3_TGAAGAGAAGAGTCAACGACACAC,0,0,0,1.832408206,0
HC3_TGAAGAGACAAGACTATGGCTTCA,0,0,0,1.702613495,0
HC3_TGAAGAGACACTTCGAGCCAAGAC,0,0,0,0,0
HC3_TGAAGAGACCGAAGTACCTAATCC,0,0,0,0,0
HC3_TGAAGAGACCTCCTGACCTCCTGA,0,0,0,1.550644529,0
HC3_TGAAGAGATGGTGGTAAGAGTCAA,0,0,0,1.452492169,0
HC3_TGGAACAAACACAGAACCTAATCC,0,0,0,2.326376032,0
HC3_TGGAACAAATCATTCCGGTGCGAA,0,0,1.750163147,0,0
HC3_TGGAACAACTGAGCCAATTGGCTC,0,0,0,1.758663926,0
HC3_TGGAACAAGAACAGGCCCGAAGTA,0,0,0,0,0
HC3_TGGCTTCAAGCAGGAATGAAGAGA,0,0,0,2.362776413,0
HC3_TGGCTTCAATGCCTAAGCCACATA,0,0,0,1.992637234,0
HC3_TGGCTTCACAAGACTAACGCTCGA,0,0,0,2.232885929,0
HC3_TGGCTTCAGATGAATCTGGTGGTA,0,0,0,1.728554361,0
HC3_TGGCTTCATGAAGAGAAGTGGTCA,0,0,0,2.110301281,0
HC3_TGGTGGTACAATGGAAACAGATTC,0,0,0,1.913805833,0
HC3_TGGTGGTATAGGATGAGAACAGGC,0,0,0,0,0
HC3_TGGTGGTATGGCTTCAGTACGCAA,0,0,0,1.576653613,0
HC3_TTCACGCAAGTGGTCAAGTGGTCA,0,0,0,1.844282772,0
HC3_TTCACGCAGGTGCGAAACACGACC,0,0,0,2.25145899,0
AD1_AAACATCGCACCTTACCAGATCTG,0,0,0,0,0
AD1_AACAACCAATTGAGGAAAGGACAC,0,0,0,1.562962802,0
AD1_AACCGAGAAATGTTGCATTGAGGA,0,1.568213042,0,1.568213042,0
AD1_AACGCTTAAGTCACTAGGAGAACA,0,0,0,2.195184264,1.370900078
AD1_AACGTGATAAGACGGACCTCTATC,0,0,0,0,0
AD1_AACGTGATCCAGTTCAGATGAATC,0,0,0,1.92077343,0
AD1_AACTCACCCAGCGTTAACTATGCA,0,0,0,1.952697923,0
AD1_AAGACGGAATTGGCTCAGTCACTA,0,0,0,0,0
AD1_AAGACGGACAAGGAGCCTCAATGA,0,0,0,0,0
AD1_AAGAGATCACACGACCACGCTCGA,0,0,0,0,0
AD1_AAGAGATCACCACTGTCTGGCATA,0,0,0,0,0
AD1_AAGGACACTAGGATGAACAGATTC,0,1.638228214,0,0,0
AD1_AAGGTACAGAATCTGAGACTAGTA,0,0,0,1.74580795,0
AD1_AAGGTACAGCCAAGACCTGGCATA,0,0,0,0,0
AD1_AATCCGTCTCTTCACAGCTAACGA,0,1.31721939,0,1.966463414,0
AD1_AATGTTGCCAATGGAAAATGTTGC,0,0,0,0,1.313917717
AD1_ACACAGAAACGCTCGAAACCGAGA,0,0,0,1.994393485,0
AD1_ACACAGAACCTAATCCACAGATTC,0,0,0,0,0
AD1_ACACGACCAATGTTGCCATACCAA,0,0,0,0,0
AD1_ACACGACCATCATTCCAAGACGGA,0,0,0,0,0
AD1_ACAGATTCGGAGAACACCGAAGTA,0,0,0,1.9734432,0
AD1_ACAGCAGACGAACTTATGGAACAA,0,0,0,2.24935447,0
AD1_ACATTGGCATGCCTAAAACGTGAT,0,0,0,1.509788763,0
AD1_ACATTGGCGCCACATACATACCAA,0,0,0,2.233358945,0
AD1_ACCACTGTCGGATTGCATTGAGGA,0,0,0,1.991704019,0
AD1_ACCTCCAAAAACATCGTCCGTCTA,0,0,0,1.783852289,0
AD1_ACCTCCAACGAACTTACCGAAGTA,0,0,0,1.221612332,0
AD1_ACGCTCGAGAGCTGAAGAATCTGA,0,0,0,2.672425118,0
AD1_ACGCTCGAGCTCGGTAACCTCCAA,0,0,0,2.645861552,0
AD1_ACGTATCAACGCTCGAAGTGGTCA,0,0,0,1.759419363,0
AD1_ACGTATCAATGCCTAAACACGACC,0,0,0,2.326154974,0
AD1_ACTATGCACCGACAACAGCAGGAA,0,0,0,0,0
AD1_ACTATGCACGCTGATCGTACGCAA,0,0,1.305199268,0,0
AD1_AGAGTCAAACAAGCTAAGCAGGAA,0,0,0,1.400827383,1.400827383
AD1_AGAGTCAAACATTGGCCGACTGGA,0,0,1.833054429,1.654371919,0
AD1_AGAGTCAACTGTAGCCTGAAGAGA,0,0,0,0,0
AD1_AGAGTCAAGATGAATCGACAGTGC,0,0,0,1.584869087,0
AD1_AGAGTCAATCTTCACAAATGTTGC,0,0,0,0,0
AD1_AGATCGCAAGATGTACACCACTGT,0,0,0,0,0
AD1_AGCACCTCACAAGCTAGTGTTCTA,0,1.526716823,1.526716823,0,0
AD1_AGCAGGAAACACGACCAGTACAAG,0,0,0,2.124256992,0
AD1_AGCAGGAAAGTCACTAGACTAGTA,0,0,0,0,0
AD1_AGCAGGAAGACAGTGCCTCAATGA,0,0,0,0,0
AD1_AGCAGGAAGCTCGGTAGTCGTAGA,0,0,0,1.845114536,0
AD1_AGCCATGCAACGCTTAACGCTCGA,0,0,0,2.12575815,0
AD1_AGCCATGCAGTCACTAGGAGAACA,0,0,0,0,0
AD1_AGCCATGCCTGAGCCAACACGACC,0,0,1.499077124,0,0
AD1_AGCCATGCGCCAAGACAATCCGTC,0,0,0,2.059720599,0
AD1_AGGCTAACCTAAGGTCCAACCACA,0,0,0,1.718957896,0
AD1_AGTACAAGAATGTTGCCTAAGGTC,0,0,0,1.825166792,0
AD1_AGTGGTCACATACCAAGTCTGTCA,0,0,0,0,0
AD1_AGTGGTCAGACTAGTATCCGTCTA,0,0,1.296526295,0,0
AD1_AGTGGTCAGCGAGTAACTGAGCCA,0,1.355718107,0,1.87935433,0
AD1_ATAGCGACATCATTCCTCTTCACA,0,0,0,0,0
AD1_ATCATTCCATCATTCCACCACTGT,0,0,0,1.246579786,0
AD1_ATCATTCCGAGCTGAAATTGAGGA,0,0,0,1.617680747,0
AD1_ATCCTGTACAAGACTAACCACTGT,0,0,0,0,0
AD1_ATCCTGTAGACTAGTAAACGTGAT,0,0,0,2.538388329,0
AD1_ATCCTGTAGAGCTGAAACTATGCA,0,0,0,1.863511493,0
AD1_ATCCTGTAGATAGACAACACAGAA,0,0,0,1.404571852,0
AD1_ATGCCTAAGTGTTCTAAGTGGTCA,0,0,1.53378025,0,0
AD1_ATTGAGGAAGTCACTACACCTTAC,0,0,0,1.909360399,0
AD1_ATTGGCTCACAAGCTACGAACTTA,0,0,0,0,0
AD1_ATTGGCTCGCCAAGACCCGTGAGA,0,0,0,1.565891224,0
AD1_CAAGGAGCGTCTGTCACATCAAGT,0,0,0,1.255938818,0
AD1_CACCTTACACCTCCAATCCGTCTA,0,0,0,1.693425619,0
AD1_CACCTTACAGTACAAGGAATCTGA,0,0,0,2.170561675,0
AD1_CACTTCGAGATAGACAACTATGCA,0,0,0,1.311064549,0
AD1_CACTTCGAGTCGTAGATCTTCACA,0,0,0,0,0
AD1_CAGCGTTAGACAGTGCACCTCCAA,0,1.415741385,0,1.92380653,0
AD1_CAGCGTTATGGTGGTAACGCTCGA,0,0,1.377261612,0,0
AD1_CATACCAAGTACGCAACTGAGCCA,0,0,0,1.443917327,0
AD1_CATCAAGTAACCGAGACGCTGATC,0,0,0,2.063225608,0
AD1_CATCAAGTCCGAAGTATGGAACAA,0,0,1.436709558,1.792105175,0
AD1_CCAGTTCACTGAGCCAGTCTGTCA,0,0,0,0,0
AD1_CCAGTTCAGTGTTCTAATGCCTAA,0,0,0,0,0
AD1_CCATCCTCCAACCACAAGGCTAAC,0,0,1.90399633,1.609425373,0
AD1_CCATCCTCCAATGGAACCTAATCC,0,0,0,1.805234009,0
AD1_CCATCCTCGCCAAGACTATCAGCA,0,0,0,1.281362858,0
AD1_CCGAAGTAACATTGGCCCATCCTC,0,0,0,1.378322804,0
AD1_CCGAAGTACAAGACTACTCAATGA,0,0,0,1.517167899,0
AD1_CCGACAACCAGATCTGCGACTGGA,0,0,0,0,0
AD1_CCGTGAGACGACTGGAAGTACAAG,0,0,0,1.942947218,0
AD1_CCGTGAGAGACAGTGCCTCAATGA,0,0,0,0,0
AD1_CCTAATCCAACGTGATACACGACC,0,0,0,0,0
AD1_CCTAATCCACACAGAAGCTAACGA,0,0,0,0,0
AD1_CCTAATCCATAGCGACTGGCTTCA,0,0,1.329062967,1.329062967,0
AD1_CCTCTATCACGTATCAACACAGAA,0,0,0,2.2618329,0
AD1_CCTCTATCCCGAAGTAAGTCACTA,0,0,0,0,0
AD1_CGAACTTACCGACAACCTGTAGCC,0,0,0,0,1.583289074
AD1_CGAACTTACGAACTTACCGTGAGA,0,0,1.3614862,0,0
AD1_CGACTGGATCTTCACAGATGAATC,0,0,0,0,0
AD1_CGCATACAACACAGAACCTCCTGA,0,0,0,2.54132902,0
AD1_CGCATACAACCACTGTGTGTTCTA,0,0,0,0,0
AD1_CGCATACAATTGGCTCCAGATCTG,0,0,0,0,0
AD1_CGCTGATCAAGACGGACACCTTAC,0,1.834896067,1.312344781,0,0
AD1_CGGATTGCAATCCGTCAGCAGGAA,0,0,0,0,0
AD1_CGGATTGCAGTCACTAAGGCTAAC,0,0,0,0,0
AD1_CGGATTGCCATCAAGTACAGATTC,0,0,0,0,0
AD1_CGGATTGCCGAACTTAGGAGAACA,0,0,0,2.58559223,1.729788894
AD1_CGGATTGCCGCATACACTGTAGCC,0,0,0,1.609729022,0
AD1_CTCAATGAACACAGAACCAGTTCA,0,1.514631548,0,0,0
AD1_CTCAATGATCTTCACAAACTCACC,0,0,0,1.714224445,0
AD1_CTGAGCCAACGCTCGAGAACAGGC,0,0,0,2.054792796,0
AD1_CTGAGCCAAGATCGCAAACGCTTA,0,0,0,0,0
AD1_CTGAGCCAGTCGTAGACGACACAC,0,1.812919611,0,0,0
AD1_CTGAGCCATATCAGCATAGGATGA,0,0,0,2.035373597,0
AD1_CTGTAGCCAAGACGGATCCGTCTA,0,1.569340351,0,0,0
AD1_CTGTAGCCCAAGACTAGTGTTCTA,0,0,0,0,0
AD1_CTGTAGCCGTCTGTCATGGCTTCA,0,0,0,0,0
AD1_GAACAGGCGCCAAGACCAATGGAA,0,0,0,0,0
AD1_GAATCTGAAATCCGTCACACGACC,0,0,0,0,0
AD1_GAATCTGAATCCTGTAAAACATCG,0,0,0,0,0
AD1_GACAGTGCACACAGAAGATAGACA,0,0,0,1.81769377,0
AD1_GACTAGTATCTTCACACAATGGAA,0,0,0,0,0
AD1_GAGCTGAAAGATCGCAAACCGAGA,0,0,0,1.643168737,1.643168737
AD1_GAGCTGAAGACAGTGCACCTCCAA,0,0,0,0,0
AD1_GAGTTAGCGACTAGTAAGTACAAG,0,0,0,1.400752336,0
AD1_GATAGACAAAGGTACACCGACAAC,0,0,0,2.343123231,0
AD1_GATAGACAACACAGAAGAACAGGC,0,0,0,1.447733957,0
AD1_GATAGACAACCACTGTAAGGACAC,0,0,0,1.910025623,0
AD1_GATAGACACTCAATGAAAGACGGA,0,0,1.459337042,2.511226414,0
AD1_GATGAATCAGTCACTAAGTACAAG,0,0,0,1.580985658,0
AD1_GCCAAGACAATGTTGCTGGTGGTA,0,0,0,0,0
AD1_GCCAAGACACAGATTCCCGAAGTA,0,1.411812965,0,2.016968796,0
AD1_GCCAAGACGGAGAACAGTGTTCTA,0,0,0,1.332890189,0
AD1_GCCACATACCTAATCCTCTTCACA,0,0,0,1.634693545,0
AD1_GCGAGTAATGGCTTCAAGCCATGC,0,0,2.174787914,0,0
AD1_GCTAACGAAGCCATGCCATACCAA,0,0,0,1.5952678,0
AD1_GCTAACGACCGACAACCAATGGAA,0,0,0,0,0
AD1_GCTAACGACGAACTTAGCCAAGAC,0,0,1.827351351,1.827351351,1.511956276
AD1_GCTCGGTAACGTATCAAGATCGCA,0,0,0,1.712883581,0
AD1_GCTCGGTACACCTTACAGTCACTA,0,0,0,1.41091993,0
AD1_GGAGAACAAGTCACTAGCTCGGTA,0,0,0,0,0
AD1_GGAGAACACATCAAGTCAAGACTA,0,0,0,2.12933449,0
AD1_GTACGCAAACTATGCACAACCACA,0,0,0,0,0
AD1_GTCTGTCACAGATCTGCATACCAA,0,0,0,0,0
AD1_GTCTGTCACAGCGTTAACATTGGC,0,0,0,0,0
AD1_GTGTTCTAACATTGGCGAATCTGA,0,0,0,1.924411145,0
AD1_GTGTTCTAACGCTCGAGTCGTAGA,0,0,0,1.764686387,0
AD1_GTGTTCTACGCATACAAGGCTAAC,0,0,0,1.977726832,0
AD1_TAGGATGAACACGACCCGAACTTA,0,0,2.439968098,0,0
AD1_TAGGATGACACTTCGAGCTCGGTA,0,0,0,0,0
AD1_TAGGATGACCGAAGTAACCTCCAA,0,0,0,0,0
AD1_TAGGATGATGGCTTCACGAACTTA,0,0,0,1.993291218,0
AD1_TATCAGCAACGTATCACGACTGGA,0,0,0,1.582755566,0
AD1_TATCAGCAACTATGCAACTATGCA,0,0,0,1.98779925,0
AD1_TATCAGCAAGCACCTCTCTTCACA,0,0,0,0,0
AD1_TCCGTCTAAGTCACTAGGTGCGAA,0,0,0,0,0
AD1_TCTTCACAACCTCCAACATACCAA,0,0,0,1.330623069,0
AD1_TGGCTTCACAATGGAATGGTGGTA,0,0,0,0,0
AD1_TGGCTTCAGACAGTGCGAACAGGC,0,0,0,1.218705174,0
AD1_TGGCTTCAGATAGACACACTTCGA,0,0,0,0,0
AD1_TGGTGGTAAGATCGCAAACCGAGA,0,0,1.400513056,2.026856199,1.400513056
AD1_TGGTGGTAAGCCATGCCAGATCTG,0,1.891259164,1.388362808,1.388362808,1.891259164
AD1_TTCACGCAAAGGACACCCTAATCC,0,0,0,2.570591806,0
AD1_TTCACGCACATCAAGTAGCCATGC,0,0,0,1.774005473,0
AD1_TTCACGCAGCTCGGTACTCAATGA,0,0,0,1.905706455,0
AD2_AAACATCGCAGATCTGGTACGCAA,0,0,0,0,0
AD2_AAACATCGTGAAGAGAGTACGCAA,0,0,0,0,0
AD2_AACAACCACAACCACAAAACATCG,1.948483058,0,0,0,0
AD2_AACAACCATAGGATGAATTGAGGA,0,0,0,0,0
AD2_AACCGAGAAAGACGGAGTACGCAA,0,0,1.442496298,0,0
AD2_AACCGAGACCTAATCCCAACCACA,0,0,0,0,0
AD2_AACCGAGACGCTGATCGAGTTAGC,0,0,0,0,0
AD2_AACCGAGATAGGATGAGTCGTAGA,0,0,0,2.19913605,0
AD2_AACGCTTAACACAGAAAATGTTGC,0,0,0,0,0
AD2_AACGCTTAAGCAGGAACCTAATCC,0,0,0,1.85638344,0
AD2_AACGCTTACCGACAACAGTGGTCA,0,0,0,2.084024457,2.084024457
AD2_AACGCTTAGGTGCGAAACGTATCA,1.975574864,0,0,0,0
AD2_AACGTGATCAGATCTGAGTGGTCA,0,0,0,0,0
AD2_AACTCACCACAGCAGAGTCGTAGA,0,0,0,1.769528561,0
AD2_AACTCACCCTCAATGAGATAGACA,0,0,0,0,0
AD2_AACTCACCGCCACATAACCACTGT,0,0,0,2.174396222,0
AD2_AAGACGGAAAGGACACCCTAATCC,0,0,0,0,0
AD2_AAGACGGAACAGCAGAACTATGCA,0,0,0,2.48778221,0
AD2_AAGAGATCAGCCATGCGAGCTGAA,0,0,0,0,0
AD2_AAGAGATCAGTGGTCAGAATCTGA,0,0,0,0,0
AD2_AAGAGATCCTAAGGTCTCCGTCTA,0,0,0,0,0
AD2_AAGAGATCCTGGCATAACCTCCAA,0,0,0,0,0
AD2_AAGGACACAGCACCTCCTAAGGTC,0,0,0,1.725982968,0
AD2_AAGGACACCCTAATCCTCTTCACA,0,0,0,0,0
AD2_AAGGACACGCTAACGATATCAGCA,0,0,0,0,0
AD2_AAGGTACACAATGGAAGGTGCGAA,0,0,2.288200205,0,0
AD2_AAGGTACACACTTCGAAGGCTAAC,0,0,0,0,0
AD2_AATCCGTCAACCGAGAGCCAAGAC,0,0,0,0,0
AD2_AATCCGTCAAGGTACACGGATTGC,0,0,0,0,0
AD2_AATCCGTCTCTTCACAACAAGCTA,0,0,0,2.403658452,0
AD2_AATGTTGCAGCACCTCGTCGTAGA,0,0,0,0,0
AD2_AATGTTGCATCCTGTACGGATTGC,0,0,0,1.993445941,0
AD2_ACAAGCTACCTCCTGAGAGCTGAA,0,0,0,0,0
AD2_ACAAGCTAGAACAGGCACATTGGC,0,0,0,0,0
AD2_ACAAGCTAGACAGTGCACAAGCTA,0,0,0,0,0
AD2_ACACAGAAACACAGAAGTCTGTCA,0,0,0,0,0
AD2_ACACAGAAACAGATTCAAGACGGA,0,0,0,0,0
AD2_ACACAGAACATCAAGTACCTCCAA,0,0,0,0,0
AD2_ACACAGAACTGTAGCCCGCATACA,0,0,0,2.259760165,0
AD2_ACACGACCCCTAATCCCAACCACA,0,0,0,0,0
AD2_ACACGACCGAATCTGAAGGCTAAC,0,0,0,0,0
AD2_ACAGATTCGACAGTGCCCAGTTCA,1.857884355,0,0,0,0
AD2_ACAGATTCGATGAATCACCACTGT,0,0,0,2.820945155,0
AD2_ACAGCAGACATCAAGTACACAGAA,0,0,0,0,0
AD2_ACAGCAGACGCTGATCAGCAGGAA,1.710922537,0,1.710922537,0,0
AD2_ACAGCAGACTGTAGCCCCGACAAC,0,0,0,0,0
AD2_ACATTGGCCGACTGGACGAACTTA,0,0,0,0,0
AD2_ACATTGGCCGCTGATCGAGTTAGC,0,0,0,0,0
AD2_ACATTGGCGTCTGTCACTCAATGA,0,0,0,0,0
AD2_ACCTCCAAAGTCACTACCTAATCC,1.52359319,0,1.845177011,0,0
AD2_ACCTCCAAGCGAGTAAGTCGTAGA,0,0,0,0,0
AD2_ACCTCCAAGCTAACGACCTCTATC,0,0,0,0,0
AD2_ACCTCCAATCTTCACAGAGCTGAA,0,0,1.714816126,0,0
AD2_ACGCTCGAAATCCGTCTGAAGAGA,0,0,0,0,0
AD2_ACTATGCAAATCCGTCCAGATCTG,0,0,0,0,0
AD2_ACTATGCAACAGCAGAGAGTTAGC,0,0,1.847452229,0,0
AD2_ACTATGCAGACTAGTAGTCGTAGA,0,0,0,0,0
AD2_AGAGTCAAAAGGTACACTGGCATA,1.794489298,0,0,1.794489298,0
AD2_AGAGTCAAGATGAATCCGCATACA,0,0,0,0,0
AD2_AGATGTACACATTGGCCCGTGAGA,0,0,0,0,0
AD2_AGATGTACCCTCCTGAACAGCAGA,0,0,0,0,0
AD2_AGATGTACCTGAGCCAACGTATCA,0,0,0,0,0
AD2_AGCACCTCAGCCATGCCCTAATCC,0,0,0,0,0
AD2_AGCACCTCCCAGTTCAAGCAGGAA,0,0,0,0,0
AD2_AGCACCTCCGACACACGCGAGTAA,0,0,0,0,0
AD2_AGCAGGAAAGTCACTAGAGTTAGC,0,1.405578824,0,0,0
AD2_AGCAGGAAGCGAGTAACTGTAGCC,0,0,2.027033589,0,0
AD2_AGCAGGAATATCAGCAAACAACCA,0,0,0,0,0
AD2_AGGCTAACCCAGTTCAAGATGTAC,0,1.468771467,0,1.468771467,0
AD2_AGGCTAACCCGAAGTAGACAGTGC,0,0,0,0,0
AD2_AGTACAAGTGGAACAACATCAAGT,0,0,0,1.557128975,0
AD2_AGTCACTAAACGTGATCATACCAA,0,0,0,1.770901135,0
AD2_AGTCACTAAATGTTGCAGCAGGAA,0,0,0,2.062759273,0
AD2_AGTCACTACCGACAACGGTGCGAA,0,0,0,2.048323041,0
AD2_AGTCACTACTGAGCCAGTGTTCTA,0,0,0,0,0
AD2_ATAGCGACGAGTTAGCGCTAACGA,0,0,0,0,0
AD2_ATCATTCCCACTTCGAAGAGTCAA,0,0,0,0,0
AD2_ATCATTCCGAGTTAGCAACTCACC,0,0,0,1.787118834,0
AD2_ATCATTCCTCCGTCTACAATGGAA,0,0,1.452055826,2.07391182,0
AD2_ATCCTGTACGAACTTATGGAACAA,0,0,0,2.23159283,0
AD2_ATCCTGTATCCGTCTAGTCTGTCA,0,0,0,0,0
AD2_ATGCCTAACCAGTTCATGGCTTCA,0,0,0,1.588298698,0
AD2_ATGCCTAATTCACGCACTCAATGA,0,0,0,0,0
AD2_ATTGAGGAGAGCTGAATGAAGAGA,0,0,0,0,0
AD2_ATTGGCTCACAGATTCCCGACAAC,0,0,0,0,0
AD2_ATTGGCTCACCTCCAACATCAAGT,0,0,0,0,0
AD2_ATTGGCTCATGCCTAAACCTCCAA,0,0,1.416524116,1.74136298,0
AD2_CAACCACAATTGAGGAACTATGCA,0,0,0,0,0
AD2_CAAGGAGCCCAGTTCAAAGAGATC,0,0,2.022529233,2.022529233,0
AD2_CAAGGAGCTAGGATGAGTGTTCTA,0,0,0,0,0
AD2_CAATGGAAAAACATCGGACTAGTA,0,0,0,0,0
AD2_CAATGGAACATCAAGTACGCTCGA,0,0,0,1.968933127,0
AD2_CAATGGAATGGTGGTAGTCTGTCA,0,0,0,0,0
AD2_CACCTTACAGATCGCACAACCACA,0,0,0,1.716168598,0
AD2_CACCTTACGGTGCGAAAACTCACC,0,0,0,0,0
AD2_CACTTCGACTGTAGCCAGTGGTCA,0,0,0,0,0
AD2_CAGATCTGAGATCGCACCGACAAC,0,0,0,0,0
AD2_CAGATCTGCAACCACAGTCTGTCA,0,0,0,0,0
AD2_CAGATCTGTGGAACAAAGCACCTC,0,2.243733382,2.243733382,0,0
AD2_CAGCGTTACCGAAGTATGGAACAA,0,0,0,2.347059895,0
AD2_CAGCGTTACGAACTTACCTCTATC,0,0,0,0,0
AD2_CAGCGTTATCTTCACACATACCAA,0,0,0,0,0
AD2_CATACCAAAGATGTACACAAGCTA,0,0,0,0,0
AD2_CATACCAACATCAAGTCCTCCTGA,0,0,0,0,0
AD2_CATCAAGTACAAGCTAATTGAGGA,1.643652694,0,0,0,0
AD2_CATCAAGTACAAGCTATATCAGCA,0,0,0,0,0
AD2_CATCAAGTAGATCGCAGCGAGTAA,0,0,0,0,0
AD2_CATCAAGTCCGACAACAGATGTAC,0,0,0,0,0
AD2_CCAGTTCATATCAGCATCTTCACA,0,0,0,0,0
AD2_CCATCCTCCAAGGAGCAATGTTGC,0,0,0,0,0
AD2_CCATCCTCCACTTCGAACACGACC,0,0,1.86047968,0,1.542440143
AD2_CCATCCTCCGGATTGCGGAGAACA,0,0,0,0,0
AD2_CCGAAGTAACCACTGTAGCCATGC,0,0,2.230794438,0,0
AD2_CCGAAGTAATCCTGTATGGAACAA,0,0,1.846834539,0,0
AD2_CCGAAGTAGTCTGTCAATCATTCC,0,0,0,2.075916179,0
AD2_CCGACAACAAGACGGAGGTGCGAA,0,0,0,0,0
AD2_CCGACAACCCTAATCCGACTAGTA,0,0,0,0,0
AD2_CCGACAACCGAACTTACGCTGATC,0,0,0,0,0
AD2_CCGACAACCGACACACAACTCACC,0,0,0,0,0
AD2_CCGACAACGGAGAACACGACACAC,0,0,0,2.33137625,0
AD2_CCGTGAGAACGTATCAAAGACGGA,0,0,0,0,0
AD2_CCGTGAGAAGATGTACCAGATCTG,0,0,0,0,0
AD2_CCGTGAGAGAACAGGCACACGACC,0,0,1.883643065,2.185617695,0
AD2_CCGTGAGAGACTAGTACACTTCGA,0,0,1.461450494,1.461450494,0
AD2_CCTAATCCCAGCGTTAACCTCCAA,0,1.51563215,0,0,0
AD2_CCTAATCCGGTGCGAACTAAGGTC,0,0,0,0,0
AD2_CCTCCTGAACCTCCAATCTTCACA,0,0,0,0,0
AD2_CCTCCTGAGGAGAACACCAGTTCA,0,2.122673923,0,0,0
AD2_CCTCCTGAGTGTTCTATATCAGCA,0,0,1.62923378,0,0
AD2_CCTCTATCGATAGACACTGAGCCA,0,0,0,0,0
AD2_CCTCTATCGCTCGGTAGCCACATA,0,0,0,0,0
AD2_CGAACTTAGCGAGTAACATACCAA,0,0,0,0,0
AD2_CGACACACAAGGTACAAAACATCG,0,0,0,1.894881427,0
AD2_CGACACACACATTGGCATCCTGTA,0,0,0,0,0
AD2_CGACACACCCAGTTCACCAGTTCA,2.349611121,0,0,0,0
AD2_CGACTGGAAGCACCTCCGAACTTA,0,0,0,0,0
AD2_CGACTGGACCAGTTCACCTCCTGA,0,0,0,0,0
AD2_CGACTGGATGAAGAGAAAGAGATC,0,0,0,0,0
AD2_CGCATACAAAACATCGACGCTCGA,0,0,0,0,0
AD2_CGCTGATCACGCTCGACAACCACA,0,0,0,0,0
AD2_CGCTGATCGCGAGTAAACTATGCA,0,0,0,1.814960618,0
AD2_CGGATTGCAACTCACCACACGACC,0,0,0,1.64878497,0
AD2_CGGATTGCAAGGACACGCGAGTAA,0,0,0,0,0
AD2_CGGATTGCCAGATCTGACTATGCA,0,0,0,0,0
AD2_CGGATTGCCTGAGCCAAGCCATGC,0,0,0,2.333444898,0
AD2_CGGATTGCGCTCGGTAACCTCCAA,0,0,2.05811495,0,0
AD2_CTAAGGTCAAGAGATCTGAAGAGA,0,0,0,0,0
AD2_CTAAGGTCCAAGACTAACCACTGT,0,0,0,0,0
AD2_CTAAGGTCGACTAGTAAACTCACC,0,1.738773585,1.738773585,0,0
AD2_CTAAGGTCGAGCTGAACTGTAGCC,0,0,0,0,0
AD2_CTCAATGAATTGAGGACCGTGAGA,0,0,0,0,0
AD2_CTGAGCCAAAACATCGAAGGACAC,0,0,1.787742007,0,0
AD2_CTGAGCCACCGTGAGAGACTAGTA,0,0,0,0,0
AD2_CTGAGCCAGATAGACACGACACAC,0,0,0,1.73261165,0
AD2_CTGAGCCAGTACGCAACTAAGGTC,0,0,0,0,0
AD2_CTGGCATAAAACATCGACACGACC,0,0,0,0,0
AD2_CTGGCATAAGTCACTAGCTAACGA,1.50923024,0,1.50923024,0,0
AD2_CTGTAGCCCCTCTATCCGGATTGC,0,0,0,0,0
AD2_CTGTAGCCGTCGTAGACTGTAGCC,0,0,0,1.791873687,0
AD2_GAATCTGAAACAACCAAGTGGTCA,0,0,0,0,0
AD2_GAATCTGACATCAAGTTCCGTCTA,0,0,0,0,0
AD2_GAATCTGACGCATACATTCACGCA,0,0,0,0,0
AD2_GAATCTGAGCCAAGACAGCAGGAA,0,0,0,0,0
AD2_GACAGTGCAATGTTGCAAGACGGA,0,0,0,0,0
AD2_GACAGTGCAGTACAAGGGAGAACA,0,0,1.562682274,2.241341246,0
AD2_GACTAGTAAAGACGGACTGTAGCC,0,0,1.849536677,0,0
AD2_GACTAGTAAATCCGTCCGAACTTA,1.569609458,0,0,1.897945008,0
AD2_GACTAGTAAATGTTGCACATTGGC,0,2.503801575,0,0,0
AD2_GAGCTGAAAACAACCAAACCGAGA,0,0,0,0,0
AD2_GAGCTGAATATCAGCAGCTAACGA,2.315526596,0,0,0,0
AD2_GAGCTGAATGGCTTCACGACACAC,0,0,0,0,0
AD2_GAGTTAGCAGTACAAGCGACTGGA,2.006924148,0,0,0,0
AD2_GAGTTAGCCGGATTGCACTATGCA,0,0,0,1.957348628,0
AD2_GAGTTAGCGTCTGTCAGTCGTAGA,0,0,0,0,0
AD2_GATAGACAACGCTCGAAAGAGATC,2.267330201,0,0,0,0
AD2_GATAGACACACTTCGAAATGTTGC,0,0,1.572471235,1.572471235,0
AD2_GATAGACACAGCGTTAGATGAATC,0,0,0,0,0
AD2_GATAGACATGGAACAAGAGTTAGC,1.686199628,0,0,0,0
AD2_GATGAATCCCTCTATCCGAACTTA,0,0,0,2.14335954,0
AD2_GATGAATCTGGAACAACGCTGATC,1.512463802,0,0,0,0
AD2_GCCAAGACAAACATCGGGTGCGAA,0,0,0,0,0
AD2_GCCAAGACCCTCCTGACAACCACA,0,0,0,2.274518675,0
AD2_GCCACATAAGAGTCAAAACAACCA,0,0,1.742690619,0,0
AD2_GCCACATACAACCACAATAGCGAC,0,0,0,0,0
AD2_GCCACATACCGACAACCCGAAGTA,0,0,0,0,0
AD2_GCCACATATATCAGCATTCACGCA,0,0,0,0,0
AD2_GCTAACGAATTGGCTCGACTAGTA,0,0,0,0,0
AD2_GCTAACGATCCGTCTATGGCTTCA,1.761032188,0,0,0,0
AD2_GCTCGGTAAACCGAGACAGATCTG,0,0,0,0,0
AD2_GCTCGGTAAACGTGATAGTGGTCA,0,0,0,2.029108511,0
AD2_GCTCGGTAACATTGGCCATCAAGT,0,0,0,0,0
AD2_GCTCGGTAATTGAGGATAGGATGA,0,0,2.045221533,0,0
AD2_GCTCGGTAGATAGACAAAGGTACA,0,1.812037068,0,0,0
AD2_GGAGAACAACAAGCTACTCAATGA,0,0,0,0,0
AD2_GGAGAACAGACAGTGCACACAGAA,0,0,0,0,0
AD2_GGAGAACATTCACGCAGACTAGTA,0,0,0,0,0
AD2_GGTGCGAAACACGACCAGATGTAC,0,0,0,1.59411137,0
AD2_GGTGCGAAACCTCCAAAAGGACAC,0,0,0,0,0
AD2_GGTGCGAACCTCCTGAAGGCTAAC,0,1.568215363,0,1.568215363,0
AD2_GGTGCGAATAGGATGACGCTGATC,0,0,0,0,0
AD2_GGTGCGAATTCACGCACGAACTTA,0,0,0,0,0
AD2_GTACGCAAAGGCTAACCATCAAGT,0,0,0,0,0
AD2_GTACGCAACAAGGAGCAAACATCG,0,0,0,1.778487095,0
AD2_GTACGCAAGAACAGGCATCCTGTA,1.783614827,0,0,0,0
AD2_GTACGCAAGACTAGTATGGCTTCA,0,0,0,0,0
AD2_GTACGCAAGCTAACGAGATAGACA,0,0,1.865398198,0,0
AD2_GTACGCAAGGAGAACAATCATTCC,0,0,0,0,0
AD2_GTACGCAATCTTCACACATACCAA,0,0,0,2.421009438,0
AD2_GTCGTAGACAGCGTTAGAACAGGC,0,0,2.193693081,2.193693081,0
AD2_GTCGTAGATGGTGGTAGACAGTGC,0,0,0,0,0
AD2_GTCTGTCAACGCTCGACAAGACTA,0,0,0,0,0
AD2_GTCTGTCACAAGACTAAACGTGAT,0,0,0,0,0
AD2_GTCTGTCAGAGCTGAAGTCTGTCA,0,0,0,1.956317671,0
AD2_GTCTGTCATCTTCACAAACAACCA,0,0,0,0,0
AD2_GTGTTCTAAATGTTGCGTGTTCTA,0,0,0,0,0
AD2_GTGTTCTAAGATCGCACTAAGGTC,0,0,0,2.361806231,0
AD2_GTGTTCTAAGGCTAACAACCGAGA,0,0,0,2.391388959,0
AD2_TAGGATGAAATCCGTCAACCGAGA,0,0,2.139662088,0,0
AD2_TAGGATGAATTGAGGACACTTCGA,0,0,0,0,0
AD2_TAGGATGACGACACACAACAACCA,0,0,0,0,0
AD2_TAGGATGAGTCTGTCAACAGCAGA,0,0,0,2.017387383,0
AD2_TAGGATGATCCGTCTAACTATGCA,0,1.969687487,0,0,0
AD2_TATCAGCAAGAGTCAAGCGAGTAA,0,0,0,0,0
AD2_TATCAGCAATAGCGACTCCGTCTA,0,0,0,0,0
AD2_TATCAGCAGACTAGTAGCTAACGA,0,0,0,2.194545895,0
AD2_TATCAGCAGTACGCAACAACCACA,0,0,0,2.184707957,0
AD2_TCCGTCTAAACTCACCGTACGCAA,0,0,0,0,0
AD2_TCCGTCTAAGTACAAGCGCATACA,0,0,0,0,0
AD2_TCCGTCTAGCCACATATGGAACAA,0,0,1.462222648,0,0
AD2_TCCGTCTAGCTAACGACACTTCGA,0,0,0,2.101245071,0
AD2_TCCGTCTAGTCTGTCATGGCTTCA,0,0,0,0,0
AD2_TCCGTCTATAGGATGACAGCGTTA,0,1.937095447,0,0,0
AD2_TCTTCACAAACCGAGAAAGGACAC,0,2.034944608,0,0,0
AD2_TCTTCACAAAGACGGAAGTACAAG,0,0,0,0,0
AD2_TCTTCACACACCTTACTCTTCACA,0,0,0,0,0
AD2_TCTTCACACTAAGGTCGTCTGTCA,0,0,1.563415495,0,0
AD2_TCTTCACAGAACAGGCGCTCGGTA,0,0,0,0,0
AD2_TGAAGAGAAGATGTACAGTCACTA,0,0,0,0,0
AD2_TGAAGAGACCGAAGTAAGCACCTC,0,0,0,0,0
AD2_TGGAACAAAACTCACCCAAGACTA,0,0,0,2.225352787,0
AD2_TGGAACAAACACAGAAATTGAGGA,0,0,0,0,0
AD2_TGGAACAAAGGCTAACAACCGAGA,0,0,0,1.848029434,0
AD2_TGGCTTCAAGTACAAGAACGCTTA,0,0,0,0,0
AD2_TGGCTTCACCTCTATCCTCAATGA,0,0,0,0,0
AD2_TGGTGGTAATGCCTAAAGATGTAC,0,0,0,0,0
AD2_TGGTGGTAGATGAATCAACGTGAT,0,0,0,0,0
AD2_TTCACGCAACACGACCATTGAGGA,0,0,0,2.481550416,0
AD2_TTCACGCACATACCAACAAGGAGC,0,0,0,0,0
AD3_AAACATCGAATCCGTCGTCGTAGA,0,0,0,1.912752134,0
AD3_AAACATCGCGAACTTACGACTGGA,0,0,1.250362099,2.061759044,1.592834621
AD3_AAACATCGGCTCGGTAAGTGGTCA,0,0,0,2.118274718,0
AD3_AAACATCGGTCTGTCAAACGTGAT,0,0,0,0,0
AD3_AAACATCGTGAAGAGAAGTCACTA,0,0,0,0,0
AD3_AACAACCACATCAAGTCTGTAGCC,0,0,0,2.045380446,0
AD3_AACAACCAGAACAGGCCCGAAGTA,1.410182356,1.741887377,0,1.741887377,0
AD3_AACCGAGACAAGGAGCCATCAAGT,0,0,0,1.902579249,0
AD3_AACCGAGACACTTCGAAACGCTTA,0,0,0,1.651503997,0
AD3_AACCGAGAGCGAGTAAGTACGCAA,0,0,0,2.133339088,0
AD3_AACCGAGAGTCGTAGATCTTCACA,1.161474522,0,0,2.475180067,1.81647911
AD3_AACCGAGATAGGATGAGACTAGTA,0,0,0,0,0
AD3_AACGCTTAACACAGAACCAGTTCA,0,0,0,1.843023209,0
AD3_AACGCTTAAGTCACTATAGGATGA,0,0,0,2.344776559,0
AD3_AACGCTTAATCCTGTAACACAGAA,0,0,1.862209098,0,1.862209098
AD3_AACGCTTACAACCACAAGTACAAG,0,0,1.749375463,2.243773225,0
AD3_AACGCTTACACTTCGATGGAACAA,0,0,0,1.997535783,1.357177281
AD3_AACGCTTACCGACAACAAACATCG,0,0,0,1.74151345,0
AD3_AACGCTTAGTCTGTCAACCTCCAA,0,0,0,2.111677074,0
AD3_AACGTGATCAGATCTGAGTACAAG,0,0,0,1.459314167,0
AD3_AACGTGATCGACTGGAAACGCTTA,0,0,1.490119021,1.490119021,0
AD3_AACTCACCACAGATTCAACGCTTA,0,0,0,1.513779277,0
AD3_AACTCACCAGTCACTAACGCTCGA,0,0,0,2.061541462,0
AD3_AACTCACCATTGAGGAACCTCCAA,0,0,1.681971326,2.424615288,0
AD3_AACTCACCCCGTGAGAATTGAGGA,0,0,0,0,0
AD3_AACTCACCTATCAGCAAGTGGTCA,0,0,0,1.828400522,0
AD3_AAGACGGAAACCGAGAAGATGTAC,0,0,0,2.499571945,1.633591886
AD3_AAGACGGAATTGAGGAACGCTCGA,0,1.899222554,0,1.899222554,0
AD3_AAGACGGAGAACAGGCTCCGTCTA,0,0,0,2.354642288,0
AD3_AAGACGGAGAATCTGAACATTGGC,0,0,0,1.271897532,0
AD3_AAGACGGAGTCTGTCACCTCCTGA,0,0,1.143246045,0,0
AD3_AAGAGATCAAGACGGAGAGTTAGC,0,0,0,2.054735772,0
AD3_AAGAGATCAAGAGATCGAATCTGA,0,0,0,1.97079813,0
AD3_AAGAGATCACTATGCAACCACTGT,0,0,0,1.948387436,0
AD3_AAGAGATCACTATGCACGACACAC,0,0,0,2.161750555,0
AD3_AAGAGATCATCCTGTAAACGTGAT,0,0,0,1.52718872,0
AD3_AAGAGATCATTGAGGATTCACGCA,0,1.484720902,0,1.484720902,0
AD3_AAGAGATCCACTTCGAAATGTTGC,0,0,0,1.781843287,0
AD3_AAGAGATCCAGATCTGCAATGGAA,0,0,0,0,0
AD3_AAGAGATCCCTCCTGAAGCCATGC,0,0,0,1.828484748,0
AD3_AAGAGATCCGCATACAAACTCACC,0,0,0,1.297662087,0
AD3_AAGAGATCCTGTAGCCCTGTAGCC,0,0,0,1.435002342,0
AD3_AAGAGATCGAGCTGAACATACCAA,0,0,0,0,0
AD3_AAGAGATCTATCAGCAGATAGACA,0,0,0,2.120300943,1.846611001
AD3_AAGAGATCTCTTCACAAGGCTAAC,0,0,0,1.762542408,1.762542408
AD3_AAGGACACAAGGTACACCTAATCC,0,0,0,2.118935667,0
AD3_AAGGACACACCTCCAACAACCACA,1.276965957,0,0,1.276965957,1.276965957
AD3_AAGGACACATCCTGTAAAACATCG,0,0,0,1.978946788,0
AD3_AAGGACACCAAGACTAACATTGGC,0,0,1.355776854,2.156521438,0
AD3_AAGGACACCACCTTACAGGCTAAC,0,0,0,1.773660065,0
AD3_AAGGACACCCAGTTCAGACAGTGC,0,0,0,0,0
AD3_AAGGACACCTGTAGCCAACGTGAT,0,0,0,1.544456144,0
AD3_AAGGACACGAATCTGAGCTCGGTA,0,0,1.375616889,2.018510866,0
AD3_AAGGACACGTACGCAAACAGATTC,0,0,1.243842522,1.770834335,0
AD3_AAGGACACGTGTTCTACTAAGGTC,0,0,1.910443,1.910443,0
AD3_AAGGTACAAGCACCTCAGCCATGC,0,1.259895388,0,1.259895388,1.59710798
AD3_AAGGTACAATAGCGACAAGGACAC,0,0,0,2.087121683,0
AD3_AAGGTACACAGCGTTAACATTGGC,0,0,0,1.382173792,0
AD3_AAGGTACACGAACTTAAGCAGGAA,0,0,0,2.361064562,0
AD3_AAGGTACACGACTGGACACTTCGA,0,0,0,1.299031463,1.299031463
AD3_AATCCGTCAACTCACCTGGAACAA,0,0,0,1.996825996,1.996825996
AD3_AATCCGTCACACAGAAGTCGTAGA,0,0,0,2.168134904,0
AD3_AATCCGTCACAGATTCAGGCTAAC,0,0,0,0,0
AD3_AATCCGTCAGCCATGCCGCTGATC,0,0,0,1.347540392,0
AD3_AATCCGTCAGCCATGCGAATCTGA,0,0,0,1.345333597,0
AD3_AATCCGTCCAACCACAACCTCCAA,1.427301076,0,0,2.202393636,0
AD3_AATCCGTCCCTAATCCTCTTCACA,0,0,0,2.361700017,0
AD3_AATCCGTCGAATCTGAAAGAGATC,0,0,0,1.804211653,0
AD3_AATGTTGCAAGGACACACCTCCAA,0,1.293593566,0,1.808078205,0
AD3_AATGTTGCAGTACAAGCCTAATCC,0,0,0,1.634063828,0
AD3_AATGTTGCCAAGGAGCAGATGTAC,0,0,0,0,0
AD3_AATGTTGCGGTGCGAACCTCTATC,0,0,0,2.209622683,0
AD3_AATGTTGCTCCGTCTACAATGGAA,0,0,0,0,0
AD3_ACAAGCTAAAGGTACAACTATGCA,0,0,0,1.880962402,1.367241868
AD3_ACAAGCTAAGATCGCAACATTGGC,0,0,0,1.752975468,0
AD3_ACAAGCTACAGATCTGTGGTGGTA,0,0,0,2.053511331,0
AD3_ACAAGCTATCTTCACAAACTCACC,0,0,0,1.18858756,0
AD3_ACAAGCTATGGAACAAAGAGTCAA,0,0,0,2.237277862,0
AD3_ACAAGCTATGGAACAATAGGATGA,0,0,0,2.016755977,0
AD3_ACACAGAAAACTCACCGGTGCGAA,0,0,0,1.25583223,0
AD3_ACACAGAAACACGACCAACTCACC,0,0,1.252734962,1.595335922,0
AD3_ACACAGAAACGCTCGAATCATTCC,0,0,0,2.000428688,0
AD3_ACACAGAAATCATTCCAGTGGTCA,0,0,0,0,0
AD3_ACACAGAACTGAGCCAATTGAGGA,0,0,0,0,0
AD3_ACACGACCACAAGCTATCTTCACA,0,0,0,0,0
AD3_ACACGACCACACGACCAGTCACTA,0,0,0,0,0
AD3_ACACGACCCCGAAGTATGGAACAA,0,0,0,1.485329878,0
AD3_ACAGATTCACCTCCAAGACAGTGC,0,0,1.328408384,0,0
AD3_ACAGATTCAGCACCTCCCATCCTC,0,0,0,2.250083025,0
AD3_ACAGATTCGAATCTGAAGTACAAG,0,0,0,0,1.515497444
AD3_ACAGATTCGACTAGTAATTGAGGA,1.365815361,0,0,2.166053865,0
AD3_ACAGATTCGAGCTGAACGGATTGC,0,0,0,1.431489273,0
AD3_ACAGCAGACACTTCGACCTAATCC,0,0,0,2.028827461,0
AD3_ACAGCAGACCAGTTCAGACTAGTA,0,0,0,2.348987724,0
AD3_ACAGCAGACCATCCTCTTCACGCA,1.088426535,0,1.427145594,0,0
AD3_ACAGCAGAGAGCTGAAACCTCCAA,0,0,0,2.262740332,0
AD3_ACAGCAGAGCCAAGACAGAGTCAA,0,0,0,2.358755574,0
AD3_ACATTGGCAAACATCGAGTCACTA,0,0,0,0,0
AD3_ACATTGGCAAGGACACCAATGGAA,0,0,0,1.483540027,0
AD3_ACCACTGTAACGCTTAGCGAGTAA,0,0,0,0,0
AD3_ACCACTGTAACTCACCCCAGTTCA,0,0,0,2.330748694,1.127789603
AD3_ACCACTGTAATCCGTCAATCCGTC,0,0,0,2.314922706,0
AD3_ACCACTGTACAAGCTACGCATACA,0,0,0,1.802611482,0
AD3_ACCACTGTACAGATTCCCGTGAGA,0,0,0,2.009222087,0
AD3_ACCACTGTACAGCAGAAGATCGCA,0,0,0,1.365109054,0
AD3_ACCACTGTACGCTCGAAGCACCTC,0,0,0,1.695688094,0
AD3_ACCACTGTCAACCACAAAGAGATC,0,1.687109018,0,1.687109018,0
AD3_ACCACTGTCATACCAAATAGCGAC,0,0,0,0,0
AD3_ACCACTGTCCAGTTCAACGCTCGA,0,0,0,0,0
AD3_ACCACTGTGTACGCAACCAGTTCA,0,0,0,2.045896596,0
AD3_ACCACTGTTGGTGGTAACACGACC,0,0,0,1.966600533,0
AD3_ACCTCCAAACACGACCCTAAGGTC,0,0,0,1.669164539,0
AD3_ACCTCCAACACTTCGAGATAGACA,0,1.254101026,0,1.784319598,1.597897096
AD3_ACCTCCAACCAGTTCAATTGGCTC,0,1.208560336,0,1.952618532,0
AD3_ACCTCCAAGAGTTAGCACTATGCA,0,0,1.374415937,0,1.374415937
AD3_ACCTCCAATCCGTCTACGCATACA,0,0,0,1.802067538,1.152282778
AD3_ACGCTCGAAACGTGATCAGCGTTA,0,0,0,1.740923248,0
AD3_ACGCTCGAACAGATTCCATACCAA,0,1.937419803,0,1.937419803,0
AD3_ACGCTCGAATCATTCCGCCAAGAC,0,0,0,2.064875867,0
AD3_ACGCTCGAATTGAGGATGGAACAA,0,0,0,0,0
AD3_ACGCTCGACAACCACAACAGATTC,2.048149067,0,1.886248396,2.414603565,0
AD3_ACGCTCGACCGACAACGGAGAACA,0,0,0,2.186688129,0
AD3_ACGCTCGACCGTGAGAGGAGAACA,0,0,0,1.96984033,1.96984033
AD3_ACGTATCAAGCCATGCATAGCGAC,0,1.231423752,0,1.884490533,0
AD3_ACGTATCACAATGGAAAACTCACC,0,0,1.466848313,1.466848313,0
AD3_ACGTATCACAGCGTTAAACAACCA,0,1.482295312,0,2.380430667,0
AD3_ACGTATCATGAAGAGATCTTCACA,0,0,0,0,0
AD3_ACGTATCATTCACGCAATCCTGTA,0,0,0,1.822671235,0
AD3_ACTATGCAAAGAGATCCGAACTTA,0,1.088910382,0,1.734771511,0
AD3_ACTATGCAATTGAGGACGACTGGA,0,0,1.578563291,2.175041618,0
AD3_ACTATGCACTGGCATAAGCACCTC,1.151313534,0,0,2.312954854,1.675929859
AD3_ACTATGCATGAAGAGACACCTTAC,0,0,1.4448628,2.328481832,0
AD3_AGAGTCAAAACAACCAAATGTTGC,0,0,0,2.801147697,0
AD3_AGAGTCAAACTATGCAACGTATCA,0,0,0,0,0
AD3_AGAGTCAACACCTTACACATTGGC,0,0,0,1.503343828,0
AD3_AGAGTCAACAGCGTTACCGAAGTA,0,0,0,1.46064723,0
AD3_AGAGTCAACCATCCTCAAGGTACA,0,0,0,0,0
AD3_AGATCGCAATAGCGACTCTTCACA,0,0,0,0,0
AD3_AGATCGCACCATCCTCGTACGCAA,0,0,0,1.473868298,0
AD3_AGATCGCACGACTGGAGATAGACA,0,0,0,2.193567711,0
AD3_AGATCGCACTGGCATAGCTAACGA,0,0,0,1.76902078,0
AD3_AGATGTACAATCCGTCAACAACCA,0,0,0,0,0
AD3_AGATGTACAGATCGCAACATTGGC,0,0,0,2.148206554,0
AD3_AGATGTACCACCTTACTCTTCACA,0,0,0,1.251468536,0
AD3_AGATGTACTGGAACAAAAGAGATC,0,0,0,1.942522177,0
AD3_AGATGTACTGGAACAACAACCACA,0,0,0,0,0
AD3_AGCACCTCACAAGCTAGACTAGTA,0,0,0,0,0
AD3_AGCACCTCCCAGTTCATGGTGGTA,0,0,0,0,0
AD3_AGCACCTCCTAAGGTCATCATTCC,0,0,0,1.910586785,0
AD3_AGCACCTCGTACGCAAAAGAGATC,0,0,0,1.584368641,0
AD3_AGCAGGAAAACCGAGAAGTACAAG,0,0,1.605637878,2.439770354,0
AD3_AGCAGGAAGGTGCGAAATTGAGGA,0,0,0,1.65031719,0
AD3_AGCCATGCAAGACGGACTGAGCCA,0,0,0,2.132944508,0
AD3_AGCCATGCAATGTTGCAAACATCG,0,0,1.687970555,2.222512291,0
AD3_AGCCATGCACGCTCGAGACTAGTA,0,0,0,2.033822361,1.717111178
AD3_AGCCATGCATGCCTAACGACACAC,0,0,0,2.084906784,0
AD3_AGCCATGCCCTCTATCAACGCTTA,0,0,0,0,0
AD3_AGCCATGCGACAGTGCACGCTCGA,1.40542623,0,0,1.923937862,0
AD3_AGCCATGCGATGAATCCTGGCATA,0,0,0,1.886154213,0
AD3_AGCCATGCGCGAGTAAGAGTTAGC,1.64310699,0,0,0,0
AD3_AGGCTAACCAAGGAGCGCTCGGTA,0,1.66672332,0,1.327873835,0
AD3_AGGCTAACCCTAATCCGGTGCGAA,0,0,0,0,1.420469779
AD3_AGTACAAGAACCGAGAAATGTTGC,0,0,1.532052427,2.340567895,0
AD3_AGTACAAGACTATGCACTAAGGTC,0,0,0,2.278380777,0
AD3_AGTACAAGAGAGTCAACAATGGAA,0,1.425206379,0,1.934884227,0
AD3_AGTACAAGAGGCTAACCGAACTTA,1.347073418,0,1.347073418,1.684570796,0
AD3_AGTACAAGCACTTCGATGGAACAA,0,0,0,0,1.36838377
AD3_AGTACAAGCGCTGATCAACAACCA,0,0,0,2.418144081,0
AD3_AGTCACTAAACTCACCAGTACAAG,0,0,1.867923591,2.038208973,0
AD3_AGTCACTAACAGCAGAGCTAACGA,0,0,0,1.879331807,0
AD3_AGTCACTAAGCACCTCAGTCACTA,0,0,0,2.194705524,1.4935947
AD3_AGTCACTAAGTCACTACCGTGAGA,0,0,1.213242707,1.213242707,0
AD3_AGTCACTAATAGCGACCGACTGGA,0,0,0,2.27137027,0
AD3_AGTCACTAGAACAGGCCGCTGATC,0,0,0,2.298604874,0
AD3_AGTCACTATAGGATGAATGCCTAA,0,0,0,2.178453902,0
AD3_AGTGGTCAACACAGAACTGAGCCA,0,0,0,1.394978859,0
AD3_AGTGGTCAACATTGGCAACGTGAT,0,0,0,2.520678924,0
AD3_AGTGGTCAACATTGGCGTCTGTCA,0,0,0,1.736621488,0
AD3_AGTGGTCAGAGTTAGCAGATGTAC,0,0,0,1.618609509,0
AD3_ATAGCGACAACGTGATTCCGTCTA,0,0,0,1.698526081,0
AD3_ATAGCGACCAATGGAACTCAATGA,0,0,0,1.626383392,0
AD3_ATAGCGACCGCTGATCACCACTGT,0,0,0,2.122124254,1.639793435
AD3_ATAGCGACCGGATTGCCAAGGAGC,0,0,0,1.524028127,0
AD3_ATCATTCCCGACACACCGAACTTA,0,0,0,2.242082221,1.749489604
AD3_ATCATTCCTAGGATGAGAACAGGC,0,0,0,1.92684345,0
AD3_ATCATTCCTGAAGAGAGATAGACA,1.564821255,0,0,2.062348062,0
AD3_ATCCTGTAAACCGAGAAAGACGGA,0,0,0,0,0
AD3_ATCCTGTAATTGGCTCAAGAGATC,0,0,0,0,0
AD3_ATCCTGTACAACCACATGGTGGTA,0,0,1.58771818,1.916138462,0
AD3_ATCCTGTACAGCGTTAAACCGAGA,0,0,0,0,0
AD3_ATGCCTAAAACGTGATACATTGGC,0,0,0,0,0
AD3_ATGCCTAACAACCACAACACAGAA,0,0,0,1.391921611,0
AD3_ATGCCTAACAACCACACCATCCTC,0,0,0,2.282643185,0
AD3_ATGCCTAACAAGGAGCGAGCTGAA,0,0,0,1.42227165,0
AD3_ATGCCTAACCAGTTCAGCTCGGTA,0,0,0,0,0
AD3_ATGCCTAATGGCTTCAAACAACCA,0,0,0,1.995589746,0
AD3_ATTGAGGAAGATCGCAACTATGCA,0,0,0,1.739698496,0
AD3_ATTGAGGAATTGGCTCAACTCACC,0,1.265877529,0,1.265877529,0
AD3_ATTGAGGACAAGACTATTCACGCA,0,0,0,2.300503748,0
AD3_ATTGAGGACCTCCTGAGACTAGTA,0,0,0,2.450473829,0
AD3_ATTGAGGACTAAGGTCAAGGTACA,0,0,1.237360397,2.309547621,0
AD3_ATTGAGGATCCGTCTAACTATGCA,0,0,0,1.675786132,0
AD3_ATTGGCTCAAGACGGAGGAGAACA,0,0,0,1.905591005,0
AD3_ATTGGCTCAGAGTCAATGGCTTCA,0,0,0,2.309098445,0
AD3_ATTGGCTCCGGATTGCCCAGTTCA,0,0,2.182709998,0,0
AD3_ATTGGCTCCTCAATGAAGCCATGC,0,0,1.779764043,2.434244205,0
AD3_ATTGGCTCCTGTAGCCTCCGTCTA,0,0,0,1.665363647,0
AD3_CAACCACAAGTCACTACCGTGAGA,0,1.240897627,0,1.970620394,1.240897627
AD3_CAACCACACAACCACAGCTCGGTA,1.196820903,0,0,2.000788876,0
AD3_CAACCACACAGCGTTAGTCTGTCA,0,1.332782535,1.332782535,0,0
AD3_CAACCACACTGGCATAACAGCAGA,0,0,0,1.727550237,1.389513731
AD3_CAAGACTAAACAACCATGGAACAA,0,0,0,2.51269409,0
AD3_CAAGACTAACAGATTCCACCTTAC,0,0,0,1.877413387,0
AD3_CAAGACTAAGTACAAGCGGATTGC,0,0,0,1.904493086,0
AD3_CAAGACTACGCATACAAAGGTACA,0,0,0,1.912026053,0
AD3_CAAGACTACTGAGCCACAAGACTA,0,0,0,0,0
AD3_CAAGACTAGTCGTAGAGGTGCGAA,0,1.5997304,1.5997304,2.205715099,0
AD3_CAAGGAGCGACTAGTAAATGTTGC,0,0,0,2.14410937,0
AD3_CAAGGAGCGCGAGTAACCATCCTC,0,0,0,2.230066659,0
AD3_CAAGGAGCGTCTGTCAGATAGACA,0,0,0,0,0
AD3_CAAGGAGCTGGCTTCACACTTCGA,0,1.243874381,0,2.351149664,0
AD3_CAAGGAGCTGGCTTCATAGGATGA,0,0,0,0,1.452528249
AD3_CAATGGAAAGAGTCAAACAGCAGA,0,0,0,1.825247515,0
AD3_CAATGGAAAGTCACTACCTCTATC,0,0,0,1.827294193,1.315562121
AD3_CAATGGAAATGCCTAACAATGGAA,0,0,0,1.171645477,0
AD3_CAATGGAACCGTGAGAAAGGTACA,0,0,0,1.835746922,0
AD3_CAATGGAATGGTGGTACCATCCTC,0,0,0,1.110900409,0
AD3_CACCTTACAGAGTCAAACCTCCAA,0,0,0,0,0
AD3_CACCTTACCCATCCTCACAGATTC,0,0,0,0,0
AD3_CACCTTACCCGTGAGAAATGTTGC,0,0,0,2.160230432,0
AD3_CACCTTACCCTCTATCACATTGGC,0,0,0,0,0
AD3_CACCTTACTCCGTCTAGTACGCAA,0,0,1.427229785,2.311972087,0
AD3_CACTTCGAATCATTCCACATTGGC,0,0,0,1.848365349,0
AD3_CACTTCGACAACCACAAGTCACTA,0,0,0,2.340840077,0
AD3_CACTTCGACCGACAACCCGACAAC,0,0,0,2.115551803,0
AD3_CACTTCGACCTCTATCACTATGCA,0,0,1.376122675,1.714166437,2.012854355
AD3_CACTTCGAGATGAATCAACAACCA,0,0,1.927400228,0,0
AD3_CACTTCGAGCCAAGACTTCACGCA,0,1.310912536,1.310912536,2.090485467,0
AD3_CACTTCGAGCCACATACCTCTATC,0,0,0,2.102869419,0
AD3_CAGATCTGAAGGTACACTGTAGCC,0,0,0,1.455259965,0
AD3_CAGATCTGAAGGTACATGGCTTCA,0,0,0,2.316694288,1.330248348
AD3_CAGATCTGACGCTCGAACGTATCA,0,0,0,2.400484739,0
AD3_CAGATCTGAGAGTCAAAATCCGTC,0,0,0,0,0
AD3_CAGATCTGCACCTTACTAGGATGA,0,0,0,1.305684689,0
AD3_CAGATCTGCCTCTATCCACTTCGA,0,0,0,1.649702075,0
AD3_CAGATCTGGTCTGTCAGTGTTCTA,0,0,0,1.931760072,0
AD3_CAGCGTTAAGATCGCAAAGGTACA,0,0,0,0,0
AD3_CAGCGTTAATTGAGGAGAGTTAGC,0,0,0,1.785958274,0
AD3_CAGCGTTACAATGGAACCGTGAGA,0,0,0,0,1.359076829
AD3_CAGCGTTACAGATCTGATTGGCTC,0,0,1.381985852,1.381985852,0
AD3_CAGCGTTAGATGAATCCAATGGAA,0,0,0,0,0
AD3_CAGCGTTATATCAGCACATCAAGT,0,0,0,1.215778666,0
AD3_CAGCGTTATATCAGCAGTCGTAGA,1.726278537,0,0,2.201340524,0
AD3_CAGCGTTATGGTGGTAAACCGAGA,0,0,0,2.112074096,0
AD3_CAGCGTTATGGTGGTAACCACTGT,1.696507332,0,0,1.875498156,0
AD3_CATACCAAACACGACCCATACCAA,0,0,0,2.335853679,0
AD3_CATACCAACGCATACAAATCCGTC,0,1.410593352,0,1.745730435,0
AD3_CATACCAAGAACAGGCAGAGTCAA,0,0,0,1.466456914,0
AD3_CATACCAATCCGTCTAGTCTGTCA,0,0,1.338234115,2.112347688,0
AD3_CATACCAATGGCTTCACCATCCTC,0,0,0,0,0
AD3_CATACCAATTCACGCACTCAATGA,0,0,0,0,0
AD3_CATCAAGTACACGACCCATACCAA,0,0,1.514745107,2.203201176,0
AD3_CATCAAGTAGAGTCAATATCAGCA,0,0,0,1.873239432,1.358888312
AD3_CATCAAGTCACCTTACCCGAAGTA,0,0,0,2.20922955,0
AD3_CCAGTTCAACAGATTCCGCTGATC,0,0,0,0,0
AD3_CCAGTTCACACCTTACTGGTGGTA,0,0,1.369008212,0,0
AD3_CCAGTTCACCATCCTCTAGGATGA,0,0,0,2.167621041,1.790379656
AD3_CCAGTTCAGTCTGTCACTGTAGCC,0,0,0,1.407539123,0
AD3_CCAGTTCATTCACGCAGCGAGTAA,0,1.656980522,0,2.341514343,1.656980522
AD3_CCATCCTCAACCGAGAAGTACAAG,0,0,0,2.328860375,0
AD3_CCATCCTCAGTACAAGATAGCGAC,1.876976839,0,0,2.180136602,1.876976839
AD3_CCATCCTCCATCAAGTGAGTTAGC,0,0,0,1.66604482,0
AD3_CCATCCTCCTAAGGTCAGTGGTCA,0,0,0,1.800024996,0
AD3_CCATCCTCGAATCTGAAGATCGCA,0,0,0,0,0
AD3_CCGAAGTAACCACTGTCTGTAGCC,0,0,0,1.80506823,0
AD3_CCGAAGTACAATGGAAAGAGTCAA,1.505035257,0,1.505035257,1.505035257,0
AD3_CCGAAGTACAGATCTGACAAGCTA,0,0,0,0,0
AD3_CCGAAGTAGACAGTGCACCTCCAA,0,0,0,2.528073022,0
AD3_CCGAAGTAGATGAATCGTACGCAA,0,0,0,1.544107797,0
AD3_CCGAAGTAGGTGCGAAACCACTGT,0,0,0,1.185252981,0
AD3_CCGACAACAAGACGGAAGATGTAC,0,0,0,2.152785173,0
AD3_CCGACAACCCTCCTGATCCGTCTA,0,0,0,1.947105113,0
AD3_CCGACAACCGAACTTACTGAGCCA,0,0,0,2.250082771,0
AD3_CCGACAACCTAAGGTCACATTGGC,0,0,1.544611276,2.411464871,0
AD3_CCGTGAGAATAGCGACCAATGGAA,0,0,0,1.48936008,0
AD3_CCGTGAGACCTAATCCCTAAGGTC,0,0,1.547646245,2.319295049,0
AD3_CCGTGAGAGTCTGTCAGAGCTGAA,0,0,0,1.990568814,0
AD3_CCTAATCCACATTGGCCCTCTATC,0,0,0,2.408777075,0
AD3_CCTAATCCCCTCCTGACCGAAGTA,0,0,0,1.916133143,0
AD3_CCTAATCCCCTCTATCCAACCACA,0,0,0,1.959947991,0
AD3_CCTAATCCCTAAGGTCCGACTGGA,0,0,1.573355522,2.402814563,0
AD3_CCTCCTGAACCTCCAACCAGTTCA,0,0,0,1.63862276,0
AD3_CCTCCTGAAGAGTCAAATAGCGAC,0,0,0,1.081686889,1.609836855
AD3_CCTCCTGACGACACACCCAGTTCA,0,0,0,0,0
AD3_CCTCCTGACTGTAGCCTGGAACAA,0,0,0,2.308592045,0
AD3_CCTCCTGAGACTAGTACGACTGGA,0,1.382808397,0,0,0
AD3_CCTCCTGAGGTGCGAACCTCTATC,0,0,0,0,0
AD3_CCTCTATCATCCTGTAGAGTTAGC,0,0,0,2.152667569,0
AD3_CCTCTATCCCGTGAGAATCCTGTA,0,0,0,0,0
AD3_CCTCTATCGGTGCGAAAACGCTTA,0,0,0,1.752598475,0
AD3_CCTCTATCTATCAGCATAGGATGA,0,0,0,1.58675762,0
AD3_CGAACTTAAGCCATGCCATACCAA,0,0,0,1.9163445,0
AD3_CGAACTTACAAGACTACCAGTTCA,1.278210539,0,0,1.617032339,0
AD3_CGAACTTACAAGACTACTCAATGA,0,0,0,1.670958423,0
AD3_CGAACTTACCATCCTCGAACAGGC,0,0,0,2.050926342,0
AD3_CGAACTTATGGAACAACCATCCTC,0,0,0,2.322637354,0
AD3_CGACACACACATTGGCACAGATTC,0,1.229456008,0,1.968397698,0
AD3_CGACACACCACTTCGAAACGCTTA,0,0,0,2.463662067,0
AD3_CGACACACGAACAGGCAGTACAAG,0,1.502623695,0,1.502623695,0
AD3_CGACACACGACAGTGCAAACATCG,0,1.187138623,1.187138623,1.52689251,0
AD3_CGACACACGACTAGTAATTGAGGA,0,0,0,1.679506717,0
AD3_CGACACACGAGCTGAAAGTCACTA,0,0,0,0,0
AD3_CGACACACGCCACATAGTGTTCTA,0,0,0,1.708502298,0
AD3_CGACTGGAAACGCTTAAAGGTACA,1.263308776,0,0,1.604963856,1.263308776
AD3_CGACTGGAAACGCTTATGGTGGTA,0,1.619211054,0,2.580438595,0
AD3_CGACTGGACAAGACTACTAAGGTC,0,0,0,2.589268,0
AD3_CGACTGGACCAGTTCACGACACAC,0,1.261355349,0,1.785556832,0
AD3_CGACTGGACCAGTTCATGGCTTCA,0,0,0,1.883745984,0
AD3_CGCATACAAATCCGTCAGAGTCAA,0,0,0,1.465994395,0
AD3_CGCATACACAAGACTAACATTGGC,0,0,1.292806057,2.057974166,0
AD3_CGCATACACCGACAACTCTTCACA,0,0,1.83393835,0,0
AD3_CGCATACAGGAGAACAAACCGAGA,0,0,0,1.856220972,1.029207188
AD3_CGCTGATCACAAGCTAAACAACCA,0,0,0,2.459305465,0
AD3_CGCTGATCACAGATTCGCTCGGTA,1.564306249,0,0,2.396591296,0
AD3_CGCTGATCACGCTCGAGCCAAGAC,0,0,0,2.119108833,0
AD3_CGCTGATCATTGAGGACATCAAGT,0,0,0,2.06837075,0
AD3_CGCTGATCCAATGGAAGTCTGTCA,0,0,0,2.087916963,0
AD3_CGCTGATCCACCTTACCCGAAGTA,0,0,0,2.353036063,1.701307505
AD3_CGCTGATCCCAGTTCAAGTCACTA,0,0,0,1.780068383,0
AD3_CGCTGATCCGCTGATCAGTACAAG,0,0,0,2.090705315,1.291328046
AD3_CGCTGATCCTGGCATACGAACTTA,0,0,0,2.414770279,0
AD3_CGCTGATCGCCACATACGACTGGA,0,1.466007995,0,0,0
AD3_CGGATTGCTGGAACAACGCATACA,0,0,0,2.347662056,0
AD3_CTAAGGTCAAACATCGGTCTGTCA,0,0,0,1.908020563,0
AD3_CTAAGGTCACACAGAAGAATCTGA,0,0,1.525831772,2.296216611,0
AD3_CTAAGGTCAGTGGTCAACGTATCA,0,1.528262205,0,2.285879047,0
AD3_CTAAGGTCCGACACACCATACCAA,0,1.362100818,0,2.237376365,0
AD3_CTAAGGTCCGCATACAATTGAGGA,0,0,1.393038736,0,0
AD3_CTAAGGTCCTGGCATAGCCACATA,0,0,0,1.517276675,0
AD3_CTAAGGTCGCTCGGTAGAATCTGA,0,0,0,2.157781929,0
AD3_CTCAATGAAAGACGGAAAACATCG,0,0,0,2.029682375,0
AD3_CTCAATGAACGTATCAAACTCACC,0,0,0,2.074262209,0
AD3_CTCAATGACAGATCTGCCATCCTC,0,0,1.324222,2.327611411,0
AD3_CTCAATGACCTCCTGAGCCACATA,0,0,1.488911833,1.488911833,0
AD3_CTGAGCCACCTCCTGAAATGTTGC,0,0,0,1.35468375,0
AD3_CTGAGCCAGTGTTCTATGAAGAGA,0,0,0,2.003508088,0
AD3_CTGAGCCATGGTGGTACTCAATGA,0,1.591348314,0,2.282844698,0
AD3_CTGGCATAAAGACGGATCCGTCTA,0,0,0,2.498360311,0
AD3_CTGGCATAAAGGACACAGAGTCAA,0,0,0,0,0
AD3_CTGGCATACAATGGAAAACCGAGA,0,0,0,2.245911167,0
AD3_CTGGCATACCTCCTGAAAGACGGA,0,0,0,0,0
AD3_CTGGCATACGACACACAACTCACC,0,1.4820122,0,1.4820122,0
AD3_CTGGCATACGACACACGTCTGTCA,0,0,0,0,0
AD3_CTGGCATACTAAGGTCCAATGGAA,0,0,0,1.703600315,0
AD3_CTGGCATACTCAATGAGATGAATC,1.362439549,0,0,1.879323299,0
AD3_CTGGCATACTGAGCCACGACTGGA,0,0,0,0,0
AD3_CTGGCATAGTCTGTCACTCAATGA,0,0,0,2.154804059,0
AD3_CTGTAGCCACACGACCCCGACAAC,0,1.837978912,0,0,0
AD3_CTGTAGCCAGCAGGAAGAGCTGAA,0,0,0,2.529115688,0
AD3_CTGTAGCCCGAACTTAGCGAGTAA,0,0,0,1.563515951,0
AD3_CTGTAGCCGAACAGGCGACAGTGC,0,0,0,0,0
AD3_CTGTAGCCGATAGACACTGGCATA,0,0,0,0,0
AD3_CTGTAGCCTCCGTCTAGATAGACA,0,0,0,1.931056564,0
AD3_CTGTAGCCTGGTGGTAAACCGAGA,0,0,0,2.101523484,0
AD3_CTGTAGCCTGGTGGTACGAACTTA,0,0,1.219994226,0,0
AD3_GAACAGGCAAGGACACCTGTAGCC,0,0,0,2.343096462,0
AD3_GAACAGGCAAGGTACACCGAAGTA,0,0,0,0,0
AD3_GAACAGGCATTGGCTCTTCACGCA,1.700209099,0,0,2.267786971,0
AD3_GAACAGGCCAAGACTACATCAAGT,1.631345755,0,1.631345755,2.370408809,0
AD3_GAACAGGCCCGTGAGATCCGTCTA,1.39856071,0,0,2.40657345,0
AD3_GAACAGGCGCCAAGACAACGCTTA,0,0,0,2.534644688,0
AD3_GAATCTGAACACGACCAGTGGTCA,0,0,0,1.964101411,0
AD3_GAATCTGAAGCACCTCCGGATTGC,0,0,0,0,0
AD3_GAATCTGAAGCAGGAAGTCGTAGA,0,0,0,1.990920712,0
AD3_GAATCTGAAGTGGTCAATTGGCTC,0,0,0,2.240565166,0
AD3_GACAGTGCACGCTCGAACGTATCA,0,0,0,2.401930367,0
AD3_GACAGTGCCAAGGAGCGCCACATA,0,0,0,2.41491927,0
AD3_GACAGTGCGAGCTGAAGGTGCGAA,0,0,0,2.242419875,0
AD3_GACAGTGCGCTAACGAGAACAGGC,0,0,0,2.065953036,0
AD3_GACAGTGCTTCACGCAGAACAGGC,0,0,0,1.704785708,2.005440004
AD3_GACTAGTAATAGCGACCGAACTTA,0,0,1.307690985,0,0
AD3_GACTAGTACTAAGGTCAGTACAAG,0,0,1.406371128,1.737619735,0
AD3_GACTAGTAGAGCTGAAATTGGCTC,0,0,0,1.321614573,0
AD3_GAGCTGAAAACCGAGACCAGTTCA,0,0,0,0,0
AD3_GAGCTGAAAAGGACACCGCTGATC,0,0,0,0,0
AD3_GAGCTGAAATAGCGACCTGAGCCA,0,0,1.207914823,1.5528933,0
AD3_GAGCTGAACCAGTTCAAACTCACC,1.178653032,0,0,1.705775228,0
AD3_GAGTTAGCAACCGAGAAGATCGCA,0,0,0,1.904431596,0
AD3_GAGTTAGCCCTAATCCCTGTAGCC,0,1.151140685,1.672558391,2.223459647,0
AD3_GAGTTAGCCCTCCTGACAGATCTG,0,0,0,1.936017239,0
AD3_GAGTTAGCCCTCTATCGCGAGTAA,0,0,0,2.220595351,1.327393919
AD3_GAGTTAGCCGAACTTAAGAGTCAA,0,0,0,2.169467008,0
AD3_GAGTTAGCCGAACTTAGATGAATC,0,0,0,2.106319663,0
AD3_GAGTTAGCGACAGTGCACAAGCTA,0,0,0,2.09868637,0
AD3_GAGTTAGCGCCAAGACATTGGCTC,0,0,0,1.791941285,0
AD3_GAGTTAGCTATCAGCAAACTCACC,0,0,0,2.370253707,0
AD3_GATAGACAACACAGAAGCTAACGA,0,0,0,1.824310853,0
AD3_GATAGACACAGCGTTATGGTGGTA,0,0,0,0,0
AD3_GATAGACATCTTCACAGTACGCAA,0,0,0,1.594827653,0
AD3_GATGAATCAAACATCGACCACTGT,0,0,0,1.485283447,0
AD3_GATGAATCACGCTCGAAGCAGGAA,0,0,0,1.788029163,0
AD3_GATGAATCAGCAGGAACATACCAA,0,0,0,0,0
AD3_GATGAATCCAAGACTAATCATTCC,0,1.229609465,1.229609465,2.029508974,0
AD3_GATGAATCCAGATCTGGAGCTGAA,0,0,0,1.637183196,0
AD3_GATGAATCCATCAAGTGCCACATA,0,0,0,2.569871647,0
AD3_GATGAATCCCTAATCCCCGACAAC,0,0,0,1.885529435,0
AD3_GATGAATCCGCATACAACAAGCTA,0,0,1.038476769,2.231449109,1.038476769
AD3_GCCAAGACACAAGCTAAGCCATGC,0,0,0,2.089808881,0
AD3_GCCAAGACGCGAGTAAAACTCACC,0,0,1.374893179,0,0
AD3_GCCAAGACGCTAACGACGCATACA,0,0,0,2.282135862,1.918464645
AD3_GCCACATAAACTCACCACACGACC,0,0,0,1.995279577,0
AD3_GCCACATACGAACTTACCTAATCC,0,0,0,1.740458909,0
AD3_GCCACATACTCAATGACAGCGTTA,0,0,0,2.099581335,1.388230649
AD3_GCCACATAGACAGTGCACTATGCA,0,0,0,2.530643925,0
AD3_GCGAGTAAACGCTCGAACTATGCA,0,1.554131635,0,1.554131635,0
AD3_GCGAGTAAATGCCTAAATCATTCC,0,0,0,2.311826555,0
AD3_GCGAGTAACGACACACCAACCACA,0,1.443689996,0,1.443689996,0
AD3_GCGAGTAATCTTCACAGTGTTCTA,0,0,0,0,1.375761797
AD3_GCTAACGAAAACATCGCCGAAGTA,0,0,0,2.081409503,0
AD3_GCTAACGAAGCAGGAAAGGCTAAC,0,0,0,1.839815405,0
AD3_GCTAACGAATTGGCTCGCCACATA,0,0,0,2.219443249,0
AD3_GCTAACGACATACCAACACTTCGA,0,0,1.337489074,1.673661388,0
AD3_GCTAACGACGCATACAAGTCACTA,0,0,0,2.322974216,0
AD3_GCTAACGACTGAGCCAAAGGACAC,0,0,0,1.875022739,0
AD3_GCTCGGTAACCTCCAAACGTATCA,0,1.580356966,0,1.580356966,1.580356966
AD3_GCTCGGTAAGTACAAGACATTGGC,0,2.133926127,0,1.847724792,1.847724792
AD3_GCTCGGTAATCATTCCCTAAGGTC,0,0,0,2.006575262,0
AD3_GCTCGGTACACTTCGATTCACGCA,0,0,0,2.324950884,0
AD3_GCTCGGTAGACTAGTAGAGTTAGC,0,0,0,1.978347854,0
AD3_GCTCGGTAGCCACATAGTCTGTCA,0,0,1.375333277,0,0
AD3_GCTCGGTATCCGTCTACTGAGCCA,1.320503454,0,0,1.320503454,0
AD3_GGAGAACAAAGAGATCATGCCTAA,0,0,0,0,0
AD3_GGAGAACAAATCCGTCGCGAGTAA,0,0,0,1.46245073,0
AD3_GGAGAACAACCTCCAAATTGGCTC,0,0,0,2.174853809,0
AD3_GGAGAACAAGTGGTCAACATTGGC,0,0,0,2.2718557,0
AD3_GGAGAACACGAACTTAAGCACCTC,0,0,0,1.849798323,0
AD3_GGAGAACACTCAATGAGCTCGGTA,0,0,1.351793172,1.977927283,0
AD3_GGAGAACAGAATCTGAAGATCGCA,0,0,0,0,0
AD3_GGTGCGAAACTATGCAATTGAGGA,0,0,0,2.319322686,0
AD3_GGTGCGAAAGTCACTAAATCCGTC,0,0,0,1.911349698,0
AD3_GGTGCGAAGAATCTGAATGCCTAA,0,1.845786211,0,1.521172765,2.015800169
AD3_GTACGCAAACAGATTCCAATGGAA,0,0,0,1.518993495,0
AD3_GTACGCAAACCACTGTCGAACTTA,0,0,0,1.511546095,0
AD3_GTACGCAACAACCACAACACAGAA,0,0,0,1.455448517,0
AD3_GTACGCAACAACCACAGAGCTGAA,0,0,0,0,0
AD3_GTACGCAACTGTAGCCAAGGACAC,0,0,0,0,0
AD3_GTACGCAAGAATCTGACCTCTATC,0,0,0,1.781304117,0
AD3_GTCGTAGAAAACATCGGAACAGGC,0,0,0,1.363755598,1.705361575
AD3_GTCGTAGAACAAGCTAATAGCGAC,0,0,1.48974009,2.454186348,0
AD3_GTCGTAGAATTGAGGAACACAGAA,0,0,0,0,0
AD3_GTCGTAGACAATGGAACGCTGATC,0,0,0,1.799496063,0
AD3_GTCGTAGACGAACTTAGTGTTCTA,0,0,0,1.898781231,0
AD3_GTCGTAGAGAACAGGCTGGAACAA,0,1.492415893,0,0,0
AD3_GTCGTAGAGCCAAGACCAGATCTG,0,0,0,2.088270466,0
AD3_GTCGTAGAGCCACATAACACAGAA,0,0,0,1.823131977,0
AD3_GTCGTAGATGAAGAGACGACTGGA,0,0,0,0,0
AD3_GTCTGTCAACGTATCAACACGACC,0,0,1.507968756,1.507968756,0
AD3_GTCTGTCACCTAATCCGCTCGGTA,0,0,0,0,0
AD3_GTCTGTCAGAGCTGAAGACTAGTA,1.712746404,0,0,0,1.712746404
AD3_GTGTTCTAAAGAGATCAGAGTCAA,0,0,0,1.657671902,0
AD3_GTGTTCTAACAGCAGAACCACTGT,0,0,0,0,0
AD3_GTGTTCTAACCACTGTTGGCTTCA,0,0,1.671283014,0,0
AD3_GTGTTCTAAGAGTCAAGTCTGTCA,0,0,0,2.234073332,0
AD3_GTGTTCTAAGTACAAGAACGCTTA,0,1.575987352,0,1.575987352,0
AD3_GTGTTCTAATAGCGACAAGAGATC,0,0,2.154881945,2.405189607,0
AD3_GTGTTCTACAGATCTGAGAGTCAA,0,0,1.377160869,1.890992113,1.377160869
AD3_GTGTTCTACCTCCTGAGGAGAACA,0,0,0,1.901675152,0
AD3_GTGTTCTACGGATTGCAGATGTAC,0,0,0,1.813640714,0
AD3_TAGGATGAACAGCAGAGACTAGTA,0,1.612021591,0,0,0
AD3_TAGGATGAAGTCACTATGAAGAGA,0,0,1.779271771,2.470933869,0
AD3_TAGGATGACGAACTTAACTATGCA,0,1.661240261,0,1.843694194,0
AD3_TAGGATGAGGAGAACAACGTATCA,0,0,0,0,0
AD3_TAGGATGATATCAGCAGGTGCGAA,0,0,0,2.085689948,1.697326968
AD3_TAGGATGATCCGTCTACAAGACTA,0,0,0,1.191090735,1.191090735
AD3_TATCAGCAAATCCGTCCGACTGGA,0,0,0,1.931020985,0
AD3_TATCAGCAACACGACCCGGATTGC,0,0,0,2.04666818,0
AD3_TATCAGCAAGAGTCAAGAGTTAGC,0,0,0,1.616753995,1.616753995
AD3_TATCAGCAAGTGGTCAATCATTCC,0,0,0,1.416359196,0
AD3_TATCAGCAGAGTTAGCTGAAGAGA,0,0,0,0,1.821325233
AD3_TATCAGCATGGCTTCATAGGATGA,0,0,0,1.885082314,0
AD3_TCCGTCTAAACGTGATCCTCCTGA,0,0,1.171512405,1.517651046,0
AD3_TCCGTCTAAATGTTGCCCATCCTC,0,0,0,1.804915098,0
AD3_TCCGTCTAACATTGGCCATCAAGT,0,0,0,2.026081592,0
AD3_TCCGTCTACCGACAACCCTCCTGA,0,0,0,1.363136489,0
AD3_TCCGTCTAGACTAGTAAGAGTCAA,0,0,0,0,0
AD3_TCCGTCTATAGGATGAGCCACATA,0,0,0,2.661164785,0
AD3_TCCGTCTATATCAGCAAACCGAGA,0,0,0,2.122686001,0
AD3_TCCGTCTATGGTGGTACAACCACA,0,1.780892143,0,2.094648944,0
AD3_TCCGTCTATGGTGGTACGCATACA,0,0,0,1.831830896,0
AD3_TCTTCACAACAAGCTAATAGCGAC,0,0,0,2.197453633,0
AD3_TCTTCACATGAAGAGACGCTGATC,0,0,0,2.426481556,1.308140332
AD3_TCTTCACATGGTGGTAGGAGAACA,0,0,0,2.235703885,1.453438667
AD3_TGAAGAGAAACGCTTAGGAGAACA,0,0,0,1.913254786,0
AD3_TGAAGAGAACAGATTCAGAGTCAA,0,0,0,1.823586553,0
AD3_TGAAGAGAACTATGCAGAATCTGA,0,0,0,2.555360453,1.406065601
AD3_TGAAGAGACAACCACACAATGGAA,0,0,0,1.807306704,0
AD3_TGAAGAGACAACCACACCGACAAC,0,1.412201477,0,0,0
AD3_TGAAGAGACATACCAATGAAGAGA,0,0,0,2.340631402,0
AD3_TGAAGAGACGACACACTTCACGCA,0,0,0,2.030491464,0
AD3_TGAAGAGACGACTGGACATCAAGT,0,0,0,1.884985517,1.760743227
AD3_TGAAGAGACTGAGCCATGGCTTCA,0,0,0,0,0
AD3_TGGAACAAAACTCACCCAGCGTTA,0,0,0,0,1.334160508
AD3_TGGAACAAAGCAGGAATGGTGGTA,0,0,0,1.466540852,0
AD3_TGGAACAACTGGCATAGATGAATC,0,0,0,2.095049026,0
AD3_TGGAACAAGCTAACGACTGGCATA,0,0,0,0,0
AD3_TGGCTTCAAACTCACCGCTCGGTA,0,0,0,2.221808266,0
AD3_TGGCTTCACCGACAACACGCTCGA,1.468898904,0,0,1.468898904,0
AD3_TGGCTTCACCTCCTGAAAACATCG,0,0,0,1.477462923,0
AD3_TGGCTTCATAGGATGAAGATGTAC,0,0,0,0,0
AD3_TGGCTTCATGAAGAGAGCCACATA,0,0,0,1.564374621,0
AD3_TGGTGGTAAACCGAGAAGGCTAAC,0,1.677622982,0,0,0
AD3_TGGTGGTAACAGATTCTTCACGCA,0,0,0,2.242004368,0
AD3_TGGTGGTAAGCACCTCAGATGTAC,0,0,0,0,0
AD3_TGGTGGTAAGCCATGCACCTCCAA,0,0,0,0,0
AD3_TGGTGGTACCTCTATCACCACTGT,0,0,0,2.223811237,0
AD3_TGGTGGTACGCATACATATCAGCA,0,0,0,0,0
AD3_TGGTGGTAGAGCTGAACGCTGATC,0,0,0,2.054735819,0
AD3_TTCACGCAAATGTTGCAACAACCA,0,1.256781666,0,2.175286436,1.256781666
AD3_TTCACGCAAATGTTGCCATACCAA,0,0,0,2.338067546,0
AD3_TTCACGCAAGCACCTCCACCTTAC,0,0,0,1.990615699,0
AD3_TTCACGCACAAGACTACTCAATGA,0,0,0,0,0
AD3_TTCACGCACTAAGGTCACCACTGT,0,0,0,1.542786697,0
AD3_TTCACGCAGAGCTGAAGTCTGTCA,0,0,0,0,0
AD3_TTCACGCAGGAGAACAACCACTGT,0,0,0,0,0
AD3_TTCACGCAGTGTTCTAAACGCTTA,0,0,0,0,0
AD4_AAACATCGACAGATTCCGACACAC,0,0,0,0,0
AD4_AACCGAGAAAGGTACACAAGGAGC,0,0,0,2.080611238,0
AD4_AACTCACCCAAGACTATATCAGCA,0,0,0,1.9192685,1.9192685
AD4_AAGGACACGGAGAACAAATCCGTC,0,0,0,0,0
AD4_AATCCGTCCTGAGCCAGGAGAACA,0,0,0,0,0
AD4_AATCCGTCGACTAGTATGGCTTCA,0,0,0,0,0
AD4_AATGTTGCGATGAATCGGAGAACA,0,0,0,0,0
AD4_ACAAGCTAACCACTGTATCCTGTA,0,0,0,2.794559076,0
AD4_ACACGACCAGAGTCAAATTGGCTC,0,0,1.809203761,2.273833966,0
AD4_ACAGCAGAACCTCCAATGGCTTCA,0,0,0,2.526635586,0
AD4_ACCTCCAACCTCCTGAAGAGTCAA,0,0,0,0,0
AD4_ACGTATCAAGTCACTAAAGGTACA,0,0,0,0,0
AD4_AGATGTACAACTCACCCTGGCATA,0,0,0,0,0
AD4_AGCACCTCGAGTTAGCAGGCTAAC,0,0,0,0,0
AD4_AGGCTAACACAAGCTAGGTGCGAA,0,0,0,2.183696261,0
AD4_AGTACAAGAGCACCTCAACGCTTA,0,0,0,0,0
AD4_AGTCACTACAATGGAAAGGCTAAC,0,0,0,0,0
AD4_AGTGGTCAAACAACCACGACACAC,0,0,0,2.192876813,0
AD4_ATCATTCCCGGATTGCATGCCTAA,0,0,2.017551469,2.298581615,0
AD4_CAACCACACGAACTTAGAGTTAGC,0,0,0,0,0
AD4_CAAGGAGCCTGGCATAAGCACCTC,0,0,0,2.344070413,0
AD4_CAAGGAGCTCCGTCTAGATAGACA,0,0,0,0,0
AD4_CAATGGAAACCACTGTACCACTGT,0,0,0,1.928299125,0
AD4_CAGATCTGCCTCCTGAGGAGAACA,0,0,0,1.870067531,0
AD4_CCATCCTCCTGGCATACAAGGAGC,0,0,2.136333547,2.136333547,0
AD4_CCGAAGTACTGTAGCCTGGCTTCA,0,0,0,2.697902372,0
AD4_CGAACTTAATAGCGACCTGGCATA,0,0,0,0,0
AD4_CGACACACGCTCGGTAACAGCAGA,0,0,0,0,0
AD4_CGGATTGCTATCAGCACCGAAGTA,0,0,1.847933584,0,0
AD4_CTAAGGTCCGAACTTAATCATTCC,0,0,0,2.384877076,0
AD4_CTAAGGTCGAGCTGAAAACCGAGA,0,0,0,0,0
AD4_CTGGCATACTGAGCCAGAACAGGC,0,0,0,0,0
AD4_CTGGCATAGACTAGTACATCAAGT,0,0,0,2.475228729,0
AD4_GACTAGTAAGCCATGCGCTCGGTA,0,0,0,2.291030539,0
AD4_GCCAAGACTCCGTCTAATGCCTAA,0,0,0,0,0
AD4_GCGAGTAAGCGAGTAAATAGCGAC,0,0,0,0,0
AD4_GGTGCGAACCGACAACAACCGAGA,0,0,0,2.030150249,0
AD4_GTACGCAAAAGGTACAAGATGTAC,0,0,0,0,0
AD4_GTCTGTCACTGAGCCAATTGGCTC,0,0,0,0,0
AD4_GTGTTCTAAATCCGTCACACAGAA,0,0,0,2.209488042,0
AD4_TGGCTTCAATGCCTAACCGTGAGA,0,0,0,0,0
